"tournament","level","year","event","place","medal","medal_cut_imputed"
"Tiger Invitational","Invitational",2011,"Anatomy and Physiology",26,FALSE,FALSE
"Tiger Invitational","Invitational",2011,"Astronomy",26,FALSE,FALSE
"Tiger Invitational","Invitational",2011,"Chemistry Lab",11,FALSE,FALSE
"Tiger Invitational","Invitational",2011,"Disease Detectives",24,FALSE,FALSE
"Tiger Invitational","Invitational",2011,"Dynamic Planet",22,FALSE,FALSE
"Tiger Invitational","Invitational",2011,"Ecology",24,FALSE,FALSE
"Tiger Invitational","Invitational",2011,"Experimental Design",13,FALSE,FALSE
"Tiger Invitational","Invitational",2011,"Forensics",21,FALSE,FALSE
"Tiger Invitational","Invitational",2011,"Fossils",12,FALSE,FALSE
"Tiger Invitational","Invitational",2011,"Helicopters",15,FALSE,FALSE
"Tiger Invitational","Invitational",2011,"Microbe Mission",28,FALSE,FALSE
"Tiger Invitational","Invitational",2011,"Mission Possible",12,FALSE,FALSE
"Tiger Invitational","Invitational",2011,"Mousetrap Vehicle",19,FALSE,FALSE
"Tiger Invitational","Invitational",2011,"Optics",19,FALSE,FALSE
"Tiger Invitational","Invitational",2011,"Ornithology",26,FALSE,FALSE
"Tiger Invitational","Invitational",2011,"Protein Modeling",24,FALSE,FALSE
"Tiger Invitational","Invitational",2011,"Remote Sensing",3,TRUE,FALSE
"Tiger Invitational","Invitational",2011,"Sounds of Music",16,FALSE,FALSE
"Tiger Invitational","Invitational",2011,"Sumo Bots",7,FALSE,FALSE
"Tiger Invitational","Invitational",2011,"Technical Problem Solving",23,FALSE,FALSE
"Tiger Invitational","Invitational",2011,"Towers",14,FALSE,FALSE
"Tiger Invitational","Invitational",2011,"Wind Power",24,FALSE,FALSE
"Tiger Invitational","Invitational",2011,"Write It Do It",13,FALSE,FALSE
"BAVF Invitational","Invitational",2011,"Anatomy and Physiology",19,FALSE,FALSE
"BAVF Invitational","Invitational",2011,"Astronomy",28,FALSE,FALSE
"BAVF Invitational","Invitational",2011,"Disease Detectives",32,FALSE,FALSE
"BAVF Invitational","Invitational",2011,"Dynamic Planet",34,FALSE,FALSE
"BAVF Invitational","Invitational",2011,"Ecology",34,FALSE,FALSE
"BAVF Invitational","Invitational",2011,"Experimental Design",22,FALSE,FALSE
"BAVF Invitational","Invitational",2011,"Forensics",30,FALSE,FALSE
"BAVF Invitational","Invitational",2011,"Fossils",10,FALSE,FALSE
"BAVF Invitational","Invitational",2011,"Helicopters",25,FALSE,FALSE
"BAVF Invitational","Invitational",2011,"Microbe Mission",30,FALSE,FALSE
"BAVF Invitational","Invitational",2011,"Mission Possible",25,FALSE,FALSE
"BAVF Invitational","Invitational",2011,"Mousetrap Vehicle",28,FALSE,FALSE
"BAVF Invitational","Invitational",2011,"Optics",32,FALSE,FALSE
"BAVF Invitational","Invitational",2011,"Ornithology",33,FALSE,FALSE
"BAVF Invitational","Invitational",2011,"Protein Modeling",27,FALSE,FALSE
"BAVF Invitational","Invitational",2011,"Remote Sensing",27,FALSE,FALSE
"BAVF Invitational","Invitational",2011,"Sumo Bots",15,FALSE,FALSE
"BAVF Invitational","Invitational",2011,"Technical Problem Solving",29,FALSE,FALSE
"BAVF Invitational","Invitational",2011,"Tower Building",30,FALSE,FALSE
"BAVF Invitational","Invitational",2011,"Write It Do It",33,FALSE,FALSE
"PA States","States",2012,"Anatomy and Physiology",32,FALSE,FALSE
"PA States","States",2012,"Astronomy",27,FALSE,FALSE
"PA States","States",2012,"Chemistry Lab",9,FALSE,FALSE
"PA States","States",2012,"Disease Detectives",36,FALSE,FALSE
"PA States","States",2012,"Dynamic Planet",21,FALSE,FALSE
"PA States","States",2012,"Experimental Design",20,FALSE,FALSE
"PA States","States",2012,"Fermi Questions",8,FALSE,FALSE
"PA States","States",2012,"Forensics",17,FALSE,FALSE
"PA States","States",2012,"Forestry",35,FALSE,FALSE
"PA States","States",2012,"Gravity Vehicle",24,FALSE,FALSE
"PA States","States",2012,"Helicopters",22,FALSE,FALSE
"PA States","States",2012,"Microbe Mission",27,FALSE,FALSE
"PA States","States",2012,"Optics",26,FALSE,FALSE
"PA States","States",2012,"Protein Modeling",35,FALSE,FALSE
"PA States","States",2012,"Remote Sensing",27,FALSE,FALSE
"PA States","States",2012,"Robot Arm",24,FALSE,FALSE
"PA States","States",2012,"Rocks and Minerals",15,FALSE,FALSE
"PA States","States",2012,"Sounds of Music",18,FALSE,FALSE
"PA States","States",2012,"Technical Problem Solving",8,FALSE,FALSE
"PA States","States",2012,"Thermodynamics",21,FALSE,FALSE
"PA States","States",2012,"Towers",8,FALSE,FALSE
"PA States","States",2012,"Water Quality",20,FALSE,FALSE
"PA States","States",2012,"Write It Do It",34,FALSE,FALSE
"Tiger Invitational","Invitational",2012,"Anatomy and Physiology",23,FALSE,TRUE
"Tiger Invitational","Invitational",2012,"Astronomy",26,FALSE,TRUE
"Tiger Invitational","Invitational",2012,"Chemistry Lab",19,FALSE,TRUE
"Tiger Invitational","Invitational",2012,"Disease Detectives",28,FALSE,TRUE
"Tiger Invitational","Invitational",2012,"Dynamic Planet",22,FALSE,TRUE
"Tiger Invitational","Invitational",2012,"Experimental Design",28,FALSE,TRUE
"Tiger Invitational","Invitational",2012,"Fermi Questions",12,FALSE,TRUE
"Tiger Invitational","Invitational",2012,"Forensics",5,TRUE,TRUE
"Tiger Invitational","Invitational",2012,"Forestry",29,FALSE,TRUE
"Tiger Invitational","Invitational",2012,"Gravity Vehicle",25,FALSE,TRUE
"Tiger Invitational","Invitational",2012,"Helicopters",20,FALSE,TRUE
"Tiger Invitational","Invitational",2012,"Microbe Mission",20,FALSE,TRUE
"Tiger Invitational","Invitational",2012,"Optics",16,FALSE,TRUE
"Tiger Invitational","Invitational",2012,"Protein Modeling",22,FALSE,TRUE
"Tiger Invitational","Invitational",2012,"Remote Sensing",19,FALSE,TRUE
"Tiger Invitational","Invitational",2012,"Rocks and Minerals",13,FALSE,TRUE
"Tiger Invitational","Invitational",2012,"Sounds of Music",15,FALSE,TRUE
"Tiger Invitational","Invitational",2012,"Technical Problem Solving",20,FALSE,TRUE
"Tiger Invitational","Invitational",2012,"Thermodynamics",16,FALSE,TRUE
"Tiger Invitational","Invitational",2012,"Towers",23,FALSE,TRUE
"Tiger Invitational","Invitational",2012,"Water Quality",26,FALSE,TRUE
"Tiger Invitational","Invitational",2012,"Write It Do It",22,FALSE,TRUE
"BAVF Invitational","Invitational",2012,"Anatomy and Physiology",34,FALSE,FALSE
"BAVF Invitational","Invitational",2012,"Astronomy",17,FALSE,FALSE
"BAVF Invitational","Invitational",2012,"Chemistry Lab",22,FALSE,FALSE
"BAVF Invitational","Invitational",2012,"Disease Detectives",31,FALSE,FALSE
"BAVF Invitational","Invitational",2012,"Dynamic Planet",22,FALSE,FALSE
"BAVF Invitational","Invitational",2012,"Experimental Design",33,FALSE,FALSE
"BAVF Invitational","Invitational",2012,"Fermi Questions",14,FALSE,FALSE
"BAVF Invitational","Invitational",2012,"Forensics",21,FALSE,FALSE
"BAVF Invitational","Invitational",2012,"Forestry",36,FALSE,FALSE
"BAVF Invitational","Invitational",2012,"Gravity Vehicle",5,TRUE,FALSE
"BAVF Invitational","Invitational",2012,"Helicopters",19,FALSE,FALSE
"BAVF Invitational","Invitational",2012,"Microbe Mission",32,FALSE,FALSE
"BAVF Invitational","Invitational",2012,"Optics",14,FALSE,FALSE
"BAVF Invitational","Invitational",2012,"Protein Modeling",25,FALSE,FALSE
"BAVF Invitational","Invitational",2012,"Remote Sensing",24,FALSE,FALSE
"BAVF Invitational","Invitational",2012,"Rocks and Minerals",21,FALSE,FALSE
"BAVF Invitational","Invitational",2012,"Sounds of Music",21,FALSE,FALSE
"BAVF Invitational","Invitational",2012,"Technical Problem Solving",16,FALSE,FALSE
"BAVF Invitational","Invitational",2012,"Thermodynamics",17,FALSE,FALSE
"BAVF Invitational","Invitational",2012,"Towers",13,FALSE,FALSE
"BAVF Invitational","Invitational",2012,"Water Quality",34,FALSE,FALSE
"BAVF Invitational","Invitational",2012,"Write It Do It",30,FALSE,FALSE
"PA States","States",2013,"Astronomy",12,FALSE,FALSE
"PA States","States",2013,"Boomilever",16,FALSE,FALSE
"PA States","States",2013,"Chemistry Lab",14,FALSE,FALSE
"PA States","States",2013,"Circuit Lab",10,FALSE,FALSE
"PA States","States",2013,"Designer Genes",7,FALSE,FALSE
"PA States","States",2013,"Disease Detectives",14,FALSE,FALSE
"PA States","States",2013,"Dynamic Planet",15,FALSE,FALSE
"PA States","States",2013,"Elastic Launched Glider",11,FALSE,FALSE
"PA States","States",2013,"Experimental Design",31,FALSE,FALSE
"PA States","States",2013,"Fermi Questions",14,FALSE,FALSE
"PA States","States",2013,"Forensics",23,FALSE,FALSE
"PA States","States",2013,"Forestry",28,FALSE,FALSE
"PA States","States",2013,"Gravity Vehicle",26,FALSE,FALSE
"PA States","States",2013,"MagLev",14,FALSE,FALSE
"PA States","States",2013,"Materials Science",3,TRUE,FALSE
"PA States","States",2013,"Remote Sensing",25,FALSE,FALSE
"PA States","States",2013,"Robot Arm",22,FALSE,FALSE
"PA States","States",2013,"Rocks and Minerals",14,FALSE,FALSE
"PA States","States",2013,"Technical Problem Solving",26,FALSE,FALSE
"PA States","States",2013,"Thermodynamics",19,FALSE,FALSE
"PA States","States",2013,"Water Quality",24,FALSE,FALSE
"PA States","States",2013,"Write It Do It",32,FALSE,FALSE
"BAVF Invitational","Invitational",2013,"Anatomy and Physiology",16,FALSE,FALSE
"BAVF Invitational","Invitational",2013,"Astronomy",27,FALSE,FALSE
"BAVF Invitational","Invitational",2013,"Boomilever",19,FALSE,FALSE
"BAVF Invitational","Invitational",2013,"Chemistry Lab",19,FALSE,FALSE
"BAVF Invitational","Invitational",2013,"Circuit Lab",33,FALSE,FALSE
"BAVF Invitational","Invitational",2013,"Designer Genes",15,FALSE,FALSE
"BAVF Invitational","Invitational",2013,"Disease Detectives",16,FALSE,FALSE
"BAVF Invitational","Invitational",2013,"Dynamic Planet",14,FALSE,FALSE
"BAVF Invitational","Invitational",2013,"Elastic Launched Glider",13,FALSE,FALSE
"BAVF Invitational","Invitational",2013,"Experimental Design",18,FALSE,FALSE
"BAVF Invitational","Invitational",2013,"Fermi Questions",34,FALSE,FALSE
"BAVF Invitational","Invitational",2013,"Forensics",10,FALSE,FALSE
"BAVF Invitational","Invitational",2013,"Forestry",23,FALSE,FALSE
"BAVF Invitational","Invitational",2013,"Gravity Vehicle",25,FALSE,FALSE
"BAVF Invitational","Invitational",2013,"MagLev",24,FALSE,FALSE
"BAVF Invitational","Invitational",2013,"Materials Science",22,FALSE,FALSE
"BAVF Invitational","Invitational",2013,"Remote Sensing",24,FALSE,FALSE
"BAVF Invitational","Invitational",2013,"Robot Arm",21,FALSE,FALSE
"BAVF Invitational","Invitational",2013,"Rocks and Minerals",14,FALSE,FALSE
"BAVF Invitational","Invitational",2013,"Technical Problem Solving",25,FALSE,FALSE
"BAVF Invitational","Invitational",2013,"Thermodynamics",26,FALSE,FALSE
"BAVF Invitational","Invitational",2013,"Water Quality",28,FALSE,FALSE
"BAVF Invitational","Invitational",2013,"Write It Do It",25,FALSE,FALSE
"BAVF Invitational","Invitational",2013,"Anatomy and Physiology",34,FALSE,FALSE
"BAVF Invitational","Invitational",2013,"Astronomy",34,FALSE,FALSE
"BAVF Invitational","Invitational",2013,"Boomilever",8,FALSE,FALSE
"BAVF Invitational","Invitational",2013,"Chemistry Lab",22,FALSE,FALSE
"BAVF Invitational","Invitational",2013,"Circuit Lab",24,FALSE,FALSE
"BAVF Invitational","Invitational",2013,"Designer Genes",34,FALSE,FALSE
"BAVF Invitational","Invitational",2013,"Disease Detectives",33,FALSE,FALSE
"BAVF Invitational","Invitational",2013,"Dynamic Planet",30,FALSE,FALSE
"BAVF Invitational","Invitational",2013,"Elastic Launched Glider",6,FALSE,FALSE
"BAVF Invitational","Invitational",2013,"Experimental Design",29,FALSE,FALSE
"BAVF Invitational","Invitational",2013,"Fermi Questions",18,FALSE,FALSE
"BAVF Invitational","Invitational",2013,"Forensics",26,FALSE,FALSE
"BAVF Invitational","Invitational",2013,"Forestry",30,FALSE,FALSE
"BAVF Invitational","Invitational",2013,"Gravity Vehicle",13,FALSE,FALSE
"BAVF Invitational","Invitational",2013,"MagLev",23,FALSE,FALSE
"BAVF Invitational","Invitational",2013,"Materials Science",32,FALSE,FALSE
"BAVF Invitational","Invitational",2013,"Remote Sensing",25,FALSE,FALSE
"BAVF Invitational","Invitational",2013,"Robot Arm",21,FALSE,FALSE
"BAVF Invitational","Invitational",2013,"Rocks and Minerals",28,FALSE,FALSE
"BAVF Invitational","Invitational",2013,"Technical Problem Solving",29,FALSE,FALSE
"BAVF Invitational","Invitational",2013,"Thermodynamics",27,FALSE,FALSE
"BAVF Invitational","Invitational",2013,"Water Quality",15,FALSE,FALSE
"BAVF Invitational","Invitational",2013,"Write It Do It",28,FALSE,FALSE
"BAVF Invitational","Invitational",2014,"Anatomy and Physiology",39,FALSE,TRUE
"BAVF Invitational","Invitational",2014,"Astronomy",25,FALSE,TRUE
"BAVF Invitational","Invitational",2014,"Boomilever",37,FALSE,TRUE
"BAVF Invitational","Invitational",2014,"Chemistry Lab",34,FALSE,TRUE
"BAVF Invitational","Invitational",2014,"Circuit Lab",30,FALSE,TRUE
"BAVF Invitational","Invitational",2014,"Compound Machines",37,FALSE,TRUE
"BAVF Invitational","Invitational",2014,"Designer Genes",37,FALSE,TRUE
"BAVF Invitational","Invitational",2014,"Disease Detectives",30,FALSE,TRUE
"BAVF Invitational","Invitational",2014,"Dynamic Planet",31,FALSE,TRUE
"BAVF Invitational","Invitational",2014,"Elastic Launched Glider",14,FALSE,TRUE
"BAVF Invitational","Invitational",2014,"Entomology",22,FALSE,TRUE
"BAVF Invitational","Invitational",2014,"Experimental Design",20,FALSE,TRUE
"BAVF Invitational","Invitational",2014,"Forensics",35,FALSE,TRUE
"BAVF Invitational","Invitational",2014,"Geologic Mapping",34,FALSE,TRUE
"BAVF Invitational","Invitational",2014,"MagLev",22,FALSE,TRUE
"BAVF Invitational","Invitational",2014,"Materials Science",25,FALSE,TRUE
"BAVF Invitational","Invitational",2014,"Mission Possible",11,FALSE,TRUE
"BAVF Invitational","Invitational",2014,"Rocks and Minerals",30,FALSE,TRUE
"BAVF Invitational","Invitational",2014,"Technical Problem Solving",19,FALSE,TRUE
"BAVF Invitational","Invitational",2014,"Water Quality",37,FALSE,TRUE
"BAVF Invitational","Invitational",2014,"Write It Do It",30,FALSE,TRUE
"BAVF Invitational","Invitational",2014,"Anatomy and Physiology",26,FALSE,TRUE
"BAVF Invitational","Invitational",2014,"Astronomy",23,FALSE,TRUE
"BAVF Invitational","Invitational",2014,"Boomilever",26,FALSE,TRUE
"BAVF Invitational","Invitational",2014,"Chemistry Lab",24,FALSE,TRUE
"BAVF Invitational","Invitational",2014,"Circuit Lab",38,FALSE,TRUE
"BAVF Invitational","Invitational",2014,"Compound Machines",25,FALSE,TRUE
"BAVF Invitational","Invitational",2014,"Designer Genes",33,FALSE,TRUE
"BAVF Invitational","Invitational",2014,"Disease Detectives",33,FALSE,TRUE
"BAVF Invitational","Invitational",2014,"Dynamic Planet",32,FALSE,TRUE
"BAVF Invitational","Invitational",2014,"Entomology",32,FALSE,TRUE
"BAVF Invitational","Invitational",2014,"Experimental Design",39,FALSE,TRUE
"BAVF Invitational","Invitational",2014,"Forensics",30,FALSE,TRUE
"BAVF Invitational","Invitational",2014,"Geologic Mapping",25,FALSE,TRUE
"BAVF Invitational","Invitational",2014,"MagLev",33,FALSE,TRUE
"BAVF Invitational","Invitational",2014,"Materials Science",20,FALSE,TRUE
"BAVF Invitational","Invitational",2014,"Rocks and Minerals",32,FALSE,TRUE
"BAVF Invitational","Invitational",2014,"Technical Problem Solving",27,FALSE,TRUE
"BAVF Invitational","Invitational",2014,"Water Quality",27,FALSE,TRUE
"BAVF Invitational","Invitational",2014,"Write It Do It",10,FALSE,TRUE
"Tiger Invitational","Invitational",2014,"Anatomy and Physiology",29,FALSE,TRUE
"Tiger Invitational","Invitational",2014,"Astronomy",18,FALSE,TRUE
"Tiger Invitational","Invitational",2014,"Boomilever",30,FALSE,TRUE
"Tiger Invitational","Invitational",2014,"Chemistry Lab",19,FALSE,TRUE
"Tiger Invitational","Invitational",2014,"Circuit Lab",33,FALSE,TRUE
"Tiger Invitational","Invitational",2014,"Compound Machines",33,FALSE,TRUE
"Tiger Invitational","Invitational",2014,"Designer Genes",31,FALSE,TRUE
"Tiger Invitational","Invitational",2014,"Disease Detectives",28,FALSE,TRUE
"Tiger Invitational","Invitational",2014,"Dynamic Planet",32,FALSE,TRUE
"Tiger Invitational","Invitational",2014,"Elastic Launched Glider",32,FALSE,TRUE
"Tiger Invitational","Invitational",2014,"Entomology",31,FALSE,TRUE
"Tiger Invitational","Invitational",2014,"Experimental Design",24,FALSE,TRUE
"Tiger Invitational","Invitational",2014,"Forensics",32,FALSE,TRUE
"Tiger Invitational","Invitational",2014,"Geologic Mapping",33,FALSE,TRUE
"Tiger Invitational","Invitational",2014,"Materials Science",14,FALSE,TRUE
"Tiger Invitational","Invitational",2014,"Mission Possible",22,FALSE,TRUE
"Tiger Invitational","Invitational",2014,"Rocks and Minerals",29,FALSE,TRUE
"Tiger Invitational","Invitational",2014,"Technical Problem Solving",30,FALSE,TRUE
"Tiger Invitational","Invitational",2014,"Water Quality",32,FALSE,TRUE
"Tiger Invitational","Invitational",2014,"Write It Do It",27,FALSE,TRUE
"Tiger Invitational","Invitational",2014,"Anatomy and Physiology",15,FALSE,TRUE
"Tiger Invitational","Invitational",2014,"Astronomy",28,FALSE,TRUE
"Tiger Invitational","Invitational",2014,"Chemistry Lab",22,FALSE,TRUE
"Tiger Invitational","Invitational",2014,"Circuit Lab",29,FALSE,TRUE
"Tiger Invitational","Invitational",2014,"Compound Machines",31,FALSE,TRUE
"Tiger Invitational","Invitational",2014,"Designer Genes",26,FALSE,TRUE
"Tiger Invitational","Invitational",2014,"Disease Detectives",33,FALSE,TRUE
"Tiger Invitational","Invitational",2014,"Dynamic Planet",26,FALSE,TRUE
"Tiger Invitational","Invitational",2014,"Elastic Launched Glider",34,FALSE,TRUE
"Tiger Invitational","Invitational",2014,"Entomology",29,FALSE,TRUE
"Tiger Invitational","Invitational",2014,"Experimental Design",18,FALSE,TRUE
"Tiger Invitational","Invitational",2014,"Forensics",28,FALSE,TRUE
"Tiger Invitational","Invitational",2014,"Geologic Mapping",23,FALSE,TRUE
"Tiger Invitational","Invitational",2014,"MagLev",28,FALSE,TRUE
"Tiger Invitational","Invitational",2014,"Materials Science",13,FALSE,TRUE
"Tiger Invitational","Invitational",2014,"Rocks and Minerals",24,FALSE,TRUE
"Tiger Invitational","Invitational",2014,"Technical Problem Solving",29,FALSE,TRUE
"Tiger Invitational","Invitational",2014,"Water Quality",29,FALSE,TRUE
"Tiger Invitational","Invitational",2014,"Write It Do It",31,FALSE,TRUE
"PA States","States",2015,"Air Trajectory",26,FALSE,FALSE
"PA States","States",2015,"Anatomy and Physiology",15,FALSE,FALSE
"PA States","States",2015,"Astronomy",23,FALSE,FALSE
"PA States","States",2015,"Bridge Building",24,FALSE,FALSE
"PA States","States",2015,"Bungee Drop",29,FALSE,FALSE
"PA States","States",2015,"Cell Biology",3,TRUE,FALSE
"PA States","States",2015,"Chemistry Lab",14,FALSE,FALSE
"PA States","States",2015,"Compound Machines",24,FALSE,FALSE
"PA States","States",2015,"Disease Detectives",27,FALSE,FALSE
"PA States","States",2015,"Dynamic Planet",22,FALSE,FALSE
"PA States","States",2015,"Entomology",27,FALSE,FALSE
"PA States","States",2015,"Experimental Design",34,FALSE,FALSE
"PA States","States",2015,"Forensics",21,FALSE,FALSE
"PA States","States",2015,"Fossils",17,FALSE,FALSE
"PA States","States",2015,"Geologic Mapping",15,FALSE,FALSE
"PA States","States",2015,"Green Generation",35,FALSE,FALSE
"PA States","States",2015,"It's About Time",33,FALSE,FALSE
"PA States","States",2015,"Mission Possible",33,FALSE,FALSE
"PA States","States",2015,"Protein Modeling",8,FALSE,FALSE
"PA States","States",2015,"Scrambler",21,FALSE,FALSE
"PA States","States",2015,"Wright Stuff",26,FALSE,FALSE
"PA States","States",2015,"Write It Do It",4,TRUE,FALSE
"BAVF Invitational","Invitational",2015,"Anatomy and Physiology",10,FALSE,TRUE
"BAVF Invitational","Invitational",2015,"Astronomy",22,FALSE,TRUE
"BAVF Invitational","Invitational",2015,"Bridge Building",32,FALSE,TRUE
"BAVF Invitational","Invitational",2015,"Bungee Drop",29,FALSE,TRUE
"BAVF Invitational","Invitational",2015,"Chemistry Lab",19,FALSE,TRUE
"BAVF Invitational","Invitational",2015,"It's About Time",32,FALSE,TRUE
"BAVF Invitational","Invitational",2015,"Compound Machines",33,FALSE,TRUE
"BAVF Invitational","Invitational",2015,"Cell Biology",19,FALSE,TRUE
"BAVF Invitational","Invitational",2015,"Disease Detectives",33,FALSE,TRUE
"BAVF Invitational","Invitational",2015,"Dynamic Planet",19,FALSE,TRUE
"BAVF Invitational","Invitational",2015,"Wright Stuff",26,FALSE,TRUE
"BAVF Invitational","Invitational",2015,"Entomology",36,FALSE,TRUE
"BAVF Invitational","Invitational",2015,"Experimental Design",36,FALSE,TRUE
"BAVF Invitational","Invitational",2015,"Forensics",32,FALSE,TRUE
"BAVF Invitational","Invitational",2015,"Geologic Mapping",29,FALSE,TRUE
"BAVF Invitational","Invitational",2015,"Air Trajectory",24,FALSE,TRUE
"BAVF Invitational","Invitational",2015,"Protein Modeling",19,FALSE,TRUE
"BAVF Invitational","Invitational",2015,"Mission Possible",24,FALSE,TRUE
"BAVF Invitational","Invitational",2015,"Fossils",26,FALSE,TRUE
"BAVF Invitational","Invitational",2015,"Scrambler",21,FALSE,TRUE
"BAVF Invitational","Invitational",2015,"Technical Problem Solving",33,FALSE,TRUE
"BAVF Invitational","Invitational",2015,"Green Generation",30,FALSE,TRUE
"BAVF Invitational","Invitational",2015,"Write It Do It",5,TRUE,TRUE
"BAVF Invitational","Invitational",2015,"Anatomy and Physiology",32,FALSE,TRUE
"BAVF Invitational","Invitational",2015,"Astronomy",24,FALSE,TRUE
"BAVF Invitational","Invitational",2015,"Bridge Building",16,FALSE,TRUE
"BAVF Invitational","Invitational",2015,"Bungee Drop",34,FALSE,TRUE
"BAVF Invitational","Invitational",2015,"Chemistry Lab",27,FALSE,TRUE
"BAVF Invitational","Invitational",2015,"It's About Time",37,FALSE,TRUE
"BAVF Invitational","Invitational",2015,"Compound Machines",31,FALSE,TRUE
"BAVF Invitational","Invitational",2015,"Cell Biology",20,FALSE,TRUE
"BAVF Invitational","Invitational",2015,"Disease Detectives",31,FALSE,TRUE
"BAVF Invitational","Invitational",2015,"Dynamic Planet",30,FALSE,TRUE
"BAVF Invitational","Invitational",2015,"Wright Stuff",24,FALSE,TRUE
"BAVF Invitational","Invitational",2015,"Entomology",31,FALSE,TRUE
"BAVF Invitational","Invitational",2015,"Experimental Design",29,FALSE,TRUE
"BAVF Invitational","Invitational",2015,"Forensics",26,FALSE,TRUE
"BAVF Invitational","Invitational",2015,"Geologic Mapping",13,FALSE,TRUE
"BAVF Invitational","Invitational",2015,"Air Trajectory",24,FALSE,TRUE
"BAVF Invitational","Invitational",2015,"Protein Modeling",29,FALSE,TRUE
"BAVF Invitational","Invitational",2015,"Mission Possible",10,FALSE,TRUE
"BAVF Invitational","Invitational",2015,"Fossils",12,FALSE,TRUE
"BAVF Invitational","Invitational",2015,"Scrambler",21,FALSE,TRUE
"BAVF Invitational","Invitational",2015,"Technical Problem Solving",34,FALSE,TRUE
"BAVF Invitational","Invitational",2015,"Green Generation",37,FALSE,TRUE
"BAVF Invitational","Invitational",2015,"Write It Do It",31,FALSE,TRUE
"Tiger Invitational","Invitational",2015,"Anatomy and Physiology",8,FALSE,TRUE
"Tiger Invitational","Invitational",2015,"Astronomy",24,FALSE,TRUE
"Tiger Invitational","Invitational",2015,"Bridge Building",29,FALSE,TRUE
"Tiger Invitational","Invitational",2015,"Bungee Drop",25,FALSE,TRUE
"Tiger Invitational","Invitational",2015,"Cell Biology",35,FALSE,TRUE
"Tiger Invitational","Invitational",2015,"Chemistry Lab",14,FALSE,TRUE
"Tiger Invitational","Invitational",2015,"Compound Machines",17,FALSE,TRUE
"Tiger Invitational","Invitational",2015,"Disease Detectives",35,FALSE,TRUE
"Tiger Invitational","Invitational",2015,"Dynamic Planet",6,FALSE,TRUE
"Tiger Invitational","Invitational",2015,"Entomology",17,FALSE,TRUE
"Tiger Invitational","Invitational",2015,"Experimental Design",34,FALSE,TRUE
"Tiger Invitational","Invitational",2015,"Forensics",13,FALSE,TRUE
"Tiger Invitational","Invitational",2015,"Fossils",27,FALSE,TRUE
"Tiger Invitational","Invitational",2015,"Geologic Mapping",28,FALSE,TRUE
"Tiger Invitational","Invitational",2015,"It's About Time",31,FALSE,TRUE
"Tiger Invitational","Invitational",2015,"Protein Modeling",13,FALSE,TRUE
"Tiger Invitational","Invitational",2015,"Scrambler",22,FALSE,TRUE
"Tiger Invitational","Invitational",2015,"Technical Problem Solving",32,FALSE,TRUE
"Tiger Invitational","Invitational",2015,"Wright Stuff",20,FALSE,TRUE
"Tiger Invitational","Invitational",2015,"Write It Do It",16,FALSE,TRUE
"Tiger Invitational","Invitational",2015,"Anatomy and Physiology",34,FALSE,TRUE
"Tiger Invitational","Invitational",2015,"Astronomy",27,FALSE,TRUE
"Tiger Invitational","Invitational",2015,"Cell Biology",28,FALSE,TRUE
"Tiger Invitational","Invitational",2015,"Chemistry Lab",33,FALSE,TRUE
"Tiger Invitational","Invitational",2015,"Compound Machines",23,FALSE,TRUE
"Tiger Invitational","Invitational",2015,"Disease Detectives",32,FALSE,TRUE
"Tiger Invitational","Invitational",2015,"Dynamic Planet",16,FALSE,TRUE
"Tiger Invitational","Invitational",2015,"Entomology",25,FALSE,TRUE
"Tiger Invitational","Invitational",2015,"Experimental Design",26,FALSE,TRUE
"Tiger Invitational","Invitational",2015,"Forensics",29,FALSE,TRUE
"Tiger Invitational","Invitational",2015,"Fossils",26,FALSE,TRUE
"Tiger Invitational","Invitational",2015,"Geologic Mapping",35,FALSE,TRUE
"Tiger Invitational","Invitational",2015,"Mission Possible",13,FALSE,TRUE
"Tiger Invitational","Invitational",2015,"Protein Modeling",32,FALSE,TRUE
"Tiger Invitational","Invitational",2015,"Technical Problem Solving",25,FALSE,TRUE
"Tiger Invitational","Invitational",2015,"Wright Stuff",11,FALSE,TRUE
"Tiger Invitational","Invitational",2015,"Write It Do It",14,FALSE,TRUE
"PA States","States",2016,"Air Trajectory",14,FALSE,FALSE
"PA States","States",2016,"Anatomy and Physiology",21,FALSE,FALSE
"PA States","States",2016,"Astronomy",10,FALSE,FALSE
"PA States","States",2016,"Bridge Building",32,FALSE,FALSE
"PA States","States",2016,"Cell Biology",17,FALSE,FALSE
"PA States","States",2016,"Chemistry Lab",20,FALSE,FALSE
"PA States","States",2016,"Disease Detectives",15,FALSE,FALSE
"PA States","States",2016,"Dynamic Planet",15,FALSE,FALSE
"PA States","States",2016,"Electric Vehicle",16,FALSE,FALSE
"PA States","States",2016,"Experimental Design",28,FALSE,FALSE
"PA States","States",2016,"Forensics",22,FALSE,FALSE
"PA States","States",2016,"Fossils",17,FALSE,FALSE
"PA States","States",2016,"Game On",6,TRUE,FALSE
"PA States","States",2016,"Geologic Mapping",19,FALSE,FALSE
"PA States","States",2016,"Green Generation",28,FALSE,FALSE
"PA States","States",2016,"Hydrogeology",6,TRUE,FALSE
"PA States","States",2016,"Invasive Species",32,FALSE,FALSE
"PA States","States",2016,"It's About Time",28,FALSE,FALSE
"PA States","States",2016,"Protein Modeling",14,FALSE,FALSE
"PA States","States",2016,"Robot Arm",6,TRUE,FALSE
"PA States","States",2016,"Wind Power",24,FALSE,FALSE
"PA States","States",2016,"Wright Stuff",19,FALSE,FALSE
"PA States","States",2016,"Write It Do It",17,FALSE,FALSE
"Tiger Invitational","Invitational",2016,"Anatomy and Physiology",17,FALSE,FALSE
"Tiger Invitational","Invitational",2016,"Astronomy",5,TRUE,FALSE
"Tiger Invitational","Invitational",2016,"Bridge Building",27,FALSE,FALSE
"Tiger Invitational","Invitational",2016,"Cell Biology",16,FALSE,FALSE
"Tiger Invitational","Invitational",2016,"Chemistry Lab",5,TRUE,FALSE
"Tiger Invitational","Invitational",2016,"Disease Detectives",31,FALSE,FALSE
"Tiger Invitational","Invitational",2016,"Dynamic Planet",19,FALSE,FALSE
"Tiger Invitational","Invitational",2016,"Electric Vehicle",28,FALSE,FALSE
"Tiger Invitational","Invitational",2016,"Experimental Design",24,FALSE,FALSE
"Tiger Invitational","Invitational",2016,"Forensics",36,FALSE,FALSE
"Tiger Invitational","Invitational",2016,"Fossils",28,FALSE,FALSE
"Tiger Invitational","Invitational",2016,"Game On",25,FALSE,FALSE
"Tiger Invitational","Invitational",2016,"Geologic Mapping",6,FALSE,FALSE
"Tiger Invitational","Invitational",2016,"Green Generation",37,FALSE,FALSE
"Tiger Invitational","Invitational",2016,"Hydrogeology",27,FALSE,FALSE
"Tiger Invitational","Invitational",2016,"Invasive Species",29,FALSE,FALSE
"Tiger Invitational","Invitational",2016,"It's About Time",28,FALSE,FALSE
"Tiger Invitational","Invitational",2016,"Protein Modeling",15,FALSE,FALSE
"Tiger Invitational","Invitational",2016,"Robot Arm",4,TRUE,FALSE
"Tiger Invitational","Invitational",2016,"Wind Power",32,FALSE,FALSE
"Tiger Invitational","Invitational",2016,"Wright Stuff",18,FALSE,FALSE
"Tiger Invitational","Invitational",2016,"Write It Do It",4,TRUE,FALSE
"Tiger Invitational","Invitational",2016,"Air Trajectory",12,FALSE,FALSE
"Tiger Invitational","Invitational",2016,"Anatomy and Physiology",4,TRUE,FALSE
"Tiger Invitational","Invitational",2016,"Astronomy",29,FALSE,FALSE
"Tiger Invitational","Invitational",2016,"Bridge Building",25,FALSE,FALSE
"Tiger Invitational","Invitational",2016,"Cell Biology",31,FALSE,FALSE
"Tiger Invitational","Invitational",2016,"Chemistry Lab",29,FALSE,FALSE
"Tiger Invitational","Invitational",2016,"Disease Detectives",29,FALSE,FALSE
"Tiger Invitational","Invitational",2016,"Dynamic Planet",24,FALSE,FALSE
"Tiger Invitational","Invitational",2016,"Electric Vehicle",27,FALSE,FALSE
"Tiger Invitational","Invitational",2016,"Experimental Design",37,FALSE,FALSE
"Tiger Invitational","Invitational",2016,"Forensics",24,FALSE,FALSE
"Tiger Invitational","Invitational",2016,"Fossils",30,FALSE,FALSE
"Tiger Invitational","Invitational",2016,"Game On",23,FALSE,FALSE
"Tiger Invitational","Invitational",2016,"Geologic Mapping",14,FALSE,FALSE
"Tiger Invitational","Invitational",2016,"Green Generation",32,FALSE,FALSE
"Tiger Invitational","Invitational",2016,"Hydrogeology",24,FALSE,FALSE
"Tiger Invitational","Invitational",2016,"Invasive Species",31,FALSE,FALSE
"Tiger Invitational","Invitational",2016,"It's About Time",37,FALSE,FALSE
"Tiger Invitational","Invitational",2016,"Protein Modeling",28,FALSE,FALSE
"Tiger Invitational","Invitational",2016,"Wind Power",29,FALSE,FALSE
"Tiger Invitational","Invitational",2016,"Wright Stuff",16,FALSE,FALSE
"Tiger Invitational","Invitational",2016,"Write It Do It",38,FALSE,FALSE
"PA States","States",2017,"Anatomy and Physiology",25,FALSE,FALSE
"PA States","States",2017,"Astronomy",16,FALSE,FALSE
"PA States","States",2017,"Chemistry Lab",23,FALSE,FALSE
"PA States","States",2017,"Disease Detectives",14,FALSE,FALSE
"PA States","States",2017,"Dynamic Planet",14,FALSE,FALSE
"PA States","States",2017,"Ecology",11,FALSE,FALSE
"PA States","States",2017,"Experimental Design",16,FALSE,FALSE
"PA States","States",2017,"Electric Vehicle",20,FALSE,FALSE
"PA States","States",2017,"Forensics",10,FALSE,FALSE
"PA States","States",2017,"Game On",24,FALSE,FALSE
"PA States","States",2017,"Helicopters",9,FALSE,FALSE
"PA States","States",2017,"Hovercraft",28,FALSE,FALSE
"PA States","States",2017,"Hydrogeology",7,FALSE,FALSE
"PA States","States",2017,"Invasive Species",10,FALSE,FALSE
"PA States","States",2017,"Materials Science",15,FALSE,FALSE
"PA States","States",2017,"Microbe Mission",18,FALSE,FALSE
"PA States","States",2017,"Optics",3,TRUE,FALSE
"PA States","States",2017,"Remote Sensing",12,FALSE,FALSE
"PA States","States",2017,"Robot Arm",5,TRUE,FALSE
"PA States","States",2017,"Rocks and Minerals",18,FALSE,FALSE
"PA States","States",2017,"Towers",23,FALSE,FALSE
"PA States","States",2017,"Wind Power",33,FALSE,FALSE
"PA States","States",2017,"Write It Do It",24,FALSE,FALSE
"BAVF Invitational","Invitational",2017,"Anatomy and Physiology",36,FALSE,TRUE
"BAVF Invitational","Invitational",2017,"Astronomy",12,FALSE,TRUE
"BAVF Invitational","Invitational",2017,"Chemistry Lab",17,FALSE,TRUE
"BAVF Invitational","Invitational",2017,"Disease Detectives",3,TRUE,TRUE
"BAVF Invitational","Invitational",2017,"Dynamic Planet",24,FALSE,TRUE
"BAVF Invitational","Invitational",2017,"Ecology",9,FALSE,TRUE
"BAVF Invitational","Invitational",2017,"Electric Vehicle",28,FALSE,TRUE
"BAVF Invitational","Invitational",2017,"Experimental Design",22,FALSE,TRUE
"BAVF Invitational","Invitational",2017,"Forensics",37,FALSE,TRUE
"BAVF Invitational","Invitational",2017,"Game On",10,FALSE,TRUE
"BAVF Invitational","Invitational",2017,"Helicopters",28,FALSE,TRUE
"BAVF Invitational","Invitational",2017,"Hydrogeology",14,FALSE,TRUE
"BAVF Invitational","Invitational",2017,"Invasive Species",36,FALSE,TRUE
"BAVF Invitational","Invitational",2017,"Materials Science",17,FALSE,TRUE
"BAVF Invitational","Invitational",2017,"Microbe Mission",37,FALSE,TRUE
"BAVF Invitational","Invitational",2017,"Optics",20,FALSE,TRUE
"BAVF Invitational","Invitational",2017,"Remote Sensing",37,FALSE,TRUE
"BAVF Invitational","Invitational",2017,"Robot Arm",6,FALSE,TRUE
"BAVF Invitational","Invitational",2017,"Rocks and Minerals",14,FALSE,TRUE
"BAVF Invitational","Invitational",2017,"Towers",23,FALSE,TRUE
"BAVF Invitational","Invitational",2017,"Write It Do It",39,FALSE,TRUE
"BAVF Invitational","Invitational",2017,"Anatomy and Physiology",17,FALSE,TRUE
"BAVF Invitational","Invitational",2017,"Astronomy",29,FALSE,TRUE
"BAVF Invitational","Invitational",2017,"Chemistry Lab",11,FALSE,TRUE
"BAVF Invitational","Invitational",2017,"Disease Detectives",33,FALSE,TRUE
"BAVF Invitational","Invitational",2017,"Dynamic Planet",23,FALSE,TRUE
"BAVF Invitational","Invitational",2017,"Ecology",21,FALSE,TRUE
"BAVF Invitational","Invitational",2017,"Electric Vehicle",23,FALSE,TRUE
"BAVF Invitational","Invitational",2017,"Experimental Design",33,FALSE,TRUE
"BAVF Invitational","Invitational",2017,"Game On",6,FALSE,TRUE
"BAVF Invitational","Invitational",2017,"Helicopters",22,FALSE,TRUE
"BAVF Invitational","Invitational",2017,"Hydrogeology",29,FALSE,TRUE
"BAVF Invitational","Invitational",2017,"Invasive Species",34,FALSE,TRUE
"BAVF Invitational","Invitational",2017,"Materials Science",29,FALSE,TRUE
"BAVF Invitational","Invitational",2017,"Microbe Mission",39,FALSE,TRUE
"BAVF Invitational","Invitational",2017,"Optics",16,FALSE,TRUE
"BAVF Invitational","Invitational",2017,"Remote Sensing",24,FALSE,TRUE
"BAVF Invitational","Invitational",2017,"Robot Arm",14,FALSE,TRUE
"BAVF Invitational","Invitational",2017,"Rocks and Minerals",29,FALSE,TRUE
"BAVF Invitational","Invitational",2017,"Towers",17,FALSE,TRUE
"BAVF Invitational","Invitational",2017,"Wind Power",21,FALSE,TRUE
"BAVF Invitational","Invitational",2017,"Write It Do It",19,FALSE,TRUE
"Tiger Invitational","Invitational",2017,"Anatomy and Physiology",22,FALSE,FALSE
"Tiger Invitational","Invitational",2017,"Astronomy",29,FALSE,FALSE
"Tiger Invitational","Invitational",2017,"Chemistry Lab",16,FALSE,FALSE
"Tiger Invitational","Invitational",2017,"Disease Detectives",33,FALSE,FALSE
"Tiger Invitational","Invitational",2017,"Dynamic Planet",28,FALSE,FALSE
"Tiger Invitational","Invitational",2017,"Ecology",7,FALSE,FALSE
"Tiger Invitational","Invitational",2017,"Electric Vehicle",25,FALSE,FALSE
"Tiger Invitational","Invitational",2017,"Experimental Design",13,FALSE,FALSE
"Tiger Invitational","Invitational",2017,"Forensics",19,FALSE,FALSE
"Tiger Invitational","Invitational",2017,"Game On",2,TRUE,FALSE
"Tiger Invitational","Invitational",2017,"Helicopters",20,FALSE,FALSE
"Tiger Invitational","Invitational",2017,"Hovercraft",25,FALSE,FALSE
"Tiger Invitational","Invitational",2017,"Hydrogeology",29,FALSE,FALSE
"Tiger Invitational","Invitational",2017,"Invasive Species",35,FALSE,FALSE
"Tiger Invitational","Invitational",2017,"Materials Science",25,FALSE,FALSE
"Tiger Invitational","Invitational",2017,"Microbe Mission",21,FALSE,FALSE
"Tiger Invitational","Invitational",2017,"Optics",9,FALSE,FALSE
"Tiger Invitational","Invitational",2017,"Remote Sensing",21,FALSE,FALSE
"Tiger Invitational","Invitational",2017,"Robot Arm",10,FALSE,FALSE
"Tiger Invitational","Invitational",2017,"Rocks and Minerals",20,FALSE,FALSE
"Tiger Invitational","Invitational",2017,"Towers",21,FALSE,FALSE
"Tiger Invitational","Invitational",2017,"Wind Power",26,FALSE,FALSE
"Tiger Invitational","Invitational",2017,"Write It Do It",4,TRUE,FALSE
"Tiger Invitational","Invitational",2017,"Anatomy and Physiology",19,FALSE,FALSE
"Tiger Invitational","Invitational",2017,"Astronomy",14,FALSE,FALSE
"Tiger Invitational","Invitational",2017,"Chemistry Lab",19,FALSE,FALSE
"Tiger Invitational","Invitational",2017,"Disease Detectives",19,FALSE,FALSE
"Tiger Invitational","Invitational",2017,"Dynamic Planet",27,FALSE,FALSE
"Tiger Invitational","Invitational",2017,"Ecology",30,FALSE,FALSE
"Tiger Invitational","Invitational",2017,"Electric Vehicle",15,FALSE,FALSE
"Tiger Invitational","Invitational",2017,"Experimental Design",25,FALSE,FALSE
"Tiger Invitational","Invitational",2017,"Forensics",13,FALSE,FALSE
"Tiger Invitational","Invitational",2017,"Game On",25,FALSE,FALSE
"Tiger Invitational","Invitational",2017,"Helicopters",28,FALSE,FALSE
"Tiger Invitational","Invitational",2017,"Hovercraft",31,FALSE,FALSE
"Tiger Invitational","Invitational",2017,"Hydrogeology",34,FALSE,FALSE
"Tiger Invitational","Invitational",2017,"Invasive Species",18,FALSE,FALSE
"Tiger Invitational","Invitational",2017,"Materials Science",18,FALSE,FALSE
"Tiger Invitational","Invitational",2017,"Microbe Mission",22,FALSE,FALSE
"Tiger Invitational","Invitational",2017,"Optics",14,FALSE,FALSE
"Tiger Invitational","Invitational",2017,"Remote Sensing",27,FALSE,FALSE
"Tiger Invitational","Invitational",2017,"Robot Arm",4,TRUE,FALSE
"Tiger Invitational","Invitational",2017,"Rocks and Minerals",34,FALSE,FALSE
"Tiger Invitational","Invitational",2017,"Towers",14,FALSE,FALSE
"Tiger Invitational","Invitational",2017,"Wind Power",35,FALSE,FALSE
"Tiger Invitational","Invitational",2017,"Write It Do It",24,FALSE,FALSE
"PA States","States",2018,"Anatomy and Physiology",30,FALSE,FALSE
"PA States","States",2018,"Astronomy",13,FALSE,FALSE
"PA States","States",2018,"Chemistry Lab",20,FALSE,FALSE
"PA States","States",2018,"Disease Detectives",34,FALSE,FALSE
"PA States","States",2018,"Dynamic Planet",23,FALSE,FALSE
"PA States","States",2018,"Ecology",14,FALSE,FALSE
"PA States","States",2018,"Experimental Design",26,FALSE,FALSE
"PA States","States",2018,"Fermi Questions",32,FALSE,FALSE
"PA States","States",2018,"Forensics",24,FALSE,FALSE
"PA States","States",2018,"Game On",22,FALSE,FALSE
"PA States","States",2018,"Helicopters",7,FALSE,FALSE
"PA States","States",2018,"Herpetology",4,TRUE,FALSE
"PA States","States",2018,"Hovercraft",31,FALSE,FALSE
"PA States","States",2018,"Materials Science",25,FALSE,FALSE
"PA States","States",2018,"Microbe Mission",27,FALSE,FALSE
"PA States","States",2018,"Mission Possible",20,FALSE,FALSE
"PA States","States",2018,"Mousetrap Vehicle",33,FALSE,FALSE
"PA States","States",2018,"Optics",12,FALSE,FALSE
"PA States","States",2018,"Remote Sensing",14,FALSE,FALSE
"PA States","States",2018,"Rocks and Minerals",21,FALSE,FALSE
"PA States","States",2018,"Thermodynamics",30,FALSE,FALSE
"PA States","States",2018,"Towers",25,FALSE,FALSE
"PA States","States",2018,"Write It Do It",25,FALSE,FALSE
"Tiger Invitational","Invitational",2018,"Anatomy and Physiology",6,FALSE,FALSE
"Tiger Invitational","Invitational",2018,"Astronomy",3,TRUE,FALSE
"Tiger Invitational","Invitational",2018,"Chemistry Lab",4,TRUE,FALSE
"Tiger Invitational","Invitational",2018,"Disease Detectives",15,FALSE,FALSE
"Tiger Invitational","Invitational",2018,"Dynamic Planet",14,FALSE,FALSE
"Tiger Invitational","Invitational",2018,"Ecology",10,FALSE,FALSE
"Tiger Invitational","Invitational",2018,"Experimental Design",11,FALSE,FALSE
"Tiger Invitational","Invitational",2018,"Fermi Questions",17,FALSE,FALSE
"Tiger Invitational","Invitational",2018,"Forensics",3,TRUE,FALSE
"Tiger Invitational","Invitational",2018,"Game On",15,FALSE,FALSE
"Tiger Invitational","Invitational",2018,"Helicopters",13,FALSE,FALSE
"Tiger Invitational","Invitational",2018,"Herpetology",9,FALSE,FALSE
"Tiger Invitational","Invitational",2018,"Hovercraft",10,FALSE,FALSE
"Tiger Invitational","Invitational",2018,"Materials Science",9,FALSE,FALSE
"Tiger Invitational","Invitational",2018,"Microbe Mission",13,FALSE,FALSE
"Tiger Invitational","Invitational",2018,"Mission Possible",6,FALSE,FALSE
"Tiger Invitational","Invitational",2018,"Mousetrap Vehicle",10,FALSE,FALSE
"Tiger Invitational","Invitational",2018,"Optics",17,FALSE,FALSE
"Tiger Invitational","Invitational",2018,"Remote Sensing",13,FALSE,FALSE
"Tiger Invitational","Invitational",2018,"Rocks and Minerals",6,FALSE,FALSE
"Tiger Invitational","Invitational",2018,"Thermodynamics",13,FALSE,FALSE
"Tiger Invitational","Invitational",2018,"Towers",10,FALSE,FALSE
"Tiger Invitational","Invitational",2018,"Write It Do It",8,FALSE,FALSE
"Tiger Invitational","Invitational",2018,"Anatomy and Physiology",13,FALSE,FALSE
"Tiger Invitational","Invitational",2018,"Astronomy",18,FALSE,FALSE
"Tiger Invitational","Invitational",2018,"Chemistry Lab",14,FALSE,FALSE
"Tiger Invitational","Invitational",2018,"Disease Detectives",22,FALSE,FALSE
"Tiger Invitational","Invitational",2018,"Dynamic Planet",17,FALSE,FALSE
"Tiger Invitational","Invitational",2018,"Ecology",17,FALSE,FALSE
"Tiger Invitational","Invitational",2018,"Experimental Design",18,FALSE,FALSE
"Tiger Invitational","Invitational",2018,"Fermi Questions",11,FALSE,FALSE
"Tiger Invitational","Invitational",2018,"Forensics",18,FALSE,FALSE
"Tiger Invitational","Invitational",2018,"Game On",12,FALSE,FALSE
"Tiger Invitational","Invitational",2018,"Helicopters",8,FALSE,FALSE
"Tiger Invitational","Invitational",2018,"Herpetology",22,FALSE,FALSE
"Tiger Invitational","Invitational",2018,"Hovercraft",20,FALSE,FALSE
"Tiger Invitational","Invitational",2018,"Materials Science",13,FALSE,FALSE
"Tiger Invitational","Invitational",2018,"Microbe Mission",21,FALSE,FALSE
"Tiger Invitational","Invitational",2018,"Mission Possible",3,TRUE,FALSE
"Tiger Invitational","Invitational",2018,"Optics",23,FALSE,FALSE
"Tiger Invitational","Invitational",2018,"Remote Sensing",17,FALSE,FALSE
"Tiger Invitational","Invitational",2018,"Rocks and Minerals",15,FALSE,FALSE
"Tiger Invitational","Invitational",2018,"Thermodynamics",16,FALSE,FALSE
"Tiger Invitational","Invitational",2018,"Towers",20,FALSE,FALSE
"Tiger Invitational","Invitational",2018,"Write It Do It",23,FALSE,FALSE
"BAVF Invitational","Invitational",2018,"Anatomy and Physiology",30,FALSE,TRUE
"BAVF Invitational","Invitational",2018,"Astronomy",20,FALSE,TRUE
"BAVF Invitational","Invitational",2018,"Chemistry Lab",21,FALSE,TRUE
"BAVF Invitational","Invitational",2018,"Disease Detectives",19,FALSE,TRUE
"BAVF Invitational","Invitational",2018,"Dynamic Planet",29,FALSE,TRUE
"BAVF Invitational","Invitational",2018,"Ecology",33,FALSE,TRUE
"BAVF Invitational","Invitational",2018,"Experimental Design",24,FALSE,TRUE
"BAVF Invitational","Invitational",2018,"Fermi Questions",22,FALSE,TRUE
"BAVF Invitational","Invitational",2018,"Forensics",14,FALSE,TRUE
"BAVF Invitational","Invitational",2018,"Game On",10,FALSE,TRUE
"BAVF Invitational","Invitational",2018,"Helicopters",23,FALSE,TRUE
"BAVF Invitational","Invitational",2018,"Herpetology",20,FALSE,TRUE
"BAVF Invitational","Invitational",2018,"Hovercraft",31,FALSE,TRUE
"BAVF Invitational","Invitational",2018,"Materials Science",13,FALSE,TRUE
"BAVF Invitational","Invitational",2018,"Microbe Mission",13,FALSE,TRUE
"BAVF Invitational","Invitational",2018,"Mousetrap Vehicle",19,FALSE,TRUE
"BAVF Invitational","Invitational",2018,"Optics",16,FALSE,TRUE
"BAVF Invitational","Invitational",2018,"Remote Sensing",18,FALSE,TRUE
"BAVF Invitational","Invitational",2018,"Rocks and Minerals",34,FALSE,TRUE
"BAVF Invitational","Invitational",2018,"Thermodynamics",20,FALSE,TRUE
"BAVF Invitational","Invitational",2018,"Towers",23,FALSE,TRUE
"BAVF Invitational","Invitational",2018,"Write It Do It",18,FALSE,TRUE
"BAVF Invitational","Invitational",2018,"Anatomy and Physiology",20,FALSE,TRUE
"BAVF Invitational","Invitational",2018,"Astronomy",12,FALSE,TRUE
"BAVF Invitational","Invitational",2018,"Chemistry Lab",17,FALSE,TRUE
"BAVF Invitational","Invitational",2018,"Disease Detectives",11,FALSE,TRUE
"BAVF Invitational","Invitational",2018,"Dynamic Planet",34,FALSE,TRUE
"BAVF Invitational","Invitational",2018,"Ecology",27,FALSE,TRUE
"BAVF Invitational","Invitational",2018,"Experimental Design",34,FALSE,TRUE
"BAVF Invitational","Invitational",2018,"Fermi Questions",26,FALSE,TRUE
"BAVF Invitational","Invitational",2018,"Forensics",29,FALSE,TRUE
"BAVF Invitational","Invitational",2018,"Game On",33,FALSE,TRUE
"BAVF Invitational","Invitational",2018,"Helicopters",7,FALSE,TRUE
"BAVF Invitational","Invitational",2018,"Herpetology",31,FALSE,TRUE
"BAVF Invitational","Invitational",2018,"Hovercraft",27,FALSE,TRUE
"BAVF Invitational","Invitational",2018,"Materials Science",28,FALSE,TRUE
"BAVF Invitational","Invitational",2018,"Microbe Mission",21,FALSE,TRUE
"BAVF Invitational","Invitational",2018,"Mission Possible",9,FALSE,TRUE
"BAVF Invitational","Invitational",2018,"Mousetrap Vehicle",27,FALSE,TRUE
"BAVF Invitational","Invitational",2018,"Optics",25,FALSE,TRUE
"BAVF Invitational","Invitational",2018,"Remote Sensing",14,FALSE,TRUE
"BAVF Invitational","Invitational",2018,"Rocks and Minerals",9,FALSE,TRUE
"BAVF Invitational","Invitational",2018,"Thermodynamics",15,FALSE,TRUE
"BAVF Invitational","Invitational",2018,"Towers",30,FALSE,TRUE
"BAVF Invitational","Invitational",2018,"Write It Do It",32,FALSE,TRUE
"Central PA Regional","Regionals",2019,"Anatomy and Physiology",5,FALSE,FALSE
"Central PA Regional","Regionals",2019,"Astronomy",7,FALSE,FALSE
"Central PA Regional","Regionals",2019,"Boomilever",9,FALSE,FALSE
"Central PA Regional","Regionals",2019,"Chemistry Lab",14,FALSE,FALSE
"Central PA Regional","Regionals",2019,"Circuit Lab",6,FALSE,FALSE
"Central PA Regional","Regionals",2019,"Codebusters",18,FALSE,FALSE
"Central PA Regional","Regionals",2019,"Designer Genes",5,FALSE,FALSE
"Central PA Regional","Regionals",2019,"Disease Detectives",11,FALSE,FALSE
"Central PA Regional","Regionals",2019,"Dynamic Planet",2,TRUE,FALSE
"Central PA Regional","Regionals",2019,"Experimental Design",15,FALSE,FALSE
"Central PA Regional","Regionals",2019,"Fermi Questions",11,FALSE,FALSE
"Central PA Regional","Regionals",2019,"Forensics",8,FALSE,FALSE
"Central PA Regional","Regionals",2019,"Fossils",9,FALSE,FALSE
"Central PA Regional","Regionals",2019,"Geologic Mapping",5,FALSE,FALSE
"Central PA Regional","Regionals",2019,"Herpetology",8,FALSE,FALSE
"Central PA Regional","Regionals",2019,"Mission Possible",2,TRUE,FALSE
"Central PA Regional","Regionals",2019,"Mousetrap Vehicle",15,FALSE,FALSE
"Central PA Regional","Regionals",2019,"Protein Modeling",8,FALSE,FALSE
"Central PA Regional","Regionals",2019,"Sounds of Music",20,FALSE,FALSE
"Central PA Regional","Regionals",2019,"Thermodynamics",11,FALSE,FALSE
"Central PA Regional","Regionals",2019,"Water Quality",20,FALSE,FALSE
"Central PA Regional","Regionals",2019,"Wright Stuff",5,FALSE,FALSE
"Central PA Regional","Regionals",2019,"Write It Do It",20,FALSE,FALSE
"Tiger Invitational","Invitational",2019,"Anatomy and Physiology",24,FALSE,FALSE
"Tiger Invitational","Invitational",2019,"Astronomy",6,FALSE,FALSE
"Tiger Invitational","Invitational",2019,"Boomilever",17,FALSE,FALSE
"Tiger Invitational","Invitational",2019,"Chemistry Lab",13,FALSE,FALSE
"Tiger Invitational","Invitational",2019,"Circuit Lab",11,FALSE,FALSE
"Tiger Invitational","Invitational",2019,"Codebusters",19,FALSE,FALSE
"Tiger Invitational","Invitational",2019,"Designer Genes",15,FALSE,FALSE
"Tiger Invitational","Invitational",2019,"Disease Detectives",11,FALSE,FALSE
"Tiger Invitational","Invitational",2019,"Dynamic Planet",3,TRUE,FALSE
"Tiger Invitational","Invitational",2019,"Experimental Design",20,FALSE,FALSE
"Tiger Invitational","Invitational",2019,"Fermi Questions",24,FALSE,FALSE
"Tiger Invitational","Invitational",2019,"Forensics",14,FALSE,FALSE
"Tiger Invitational","Invitational",2019,"Fossils",11,FALSE,FALSE
"Tiger Invitational","Invitational",2019,"Geologic Mapping",15,FALSE,FALSE
"Tiger Invitational","Invitational",2019,"Herpetology",22,FALSE,FALSE
"Tiger Invitational","Invitational",2019,"Mission Possible",9,FALSE,FALSE
"Tiger Invitational","Invitational",2019,"Mousetrap Vehicle",18,FALSE,FALSE
"Tiger Invitational","Invitational",2019,"Protein Modeling",9,FALSE,FALSE
"Tiger Invitational","Invitational",2019,"Sounds of Music",21,FALSE,FALSE
"Tiger Invitational","Invitational",2019,"Thermodynamics",20,FALSE,FALSE
"Tiger Invitational","Invitational",2019,"Water Quality",19,FALSE,FALSE
"Tiger Invitational","Invitational",2019,"Wright Stuff",1,TRUE,FALSE
"Tiger Invitational","Invitational",2019,"Write It Do It",26,FALSE,FALSE
"Tiger Invitational","Invitational",2019,"Anatomy and Physiology",12,FALSE,FALSE
"Tiger Invitational","Invitational",2019,"Astronomy",22,FALSE,FALSE
"Tiger Invitational","Invitational",2019,"Boomilever",6,FALSE,FALSE
"Tiger Invitational","Invitational",2019,"Chemistry Lab",25,FALSE,FALSE
"Tiger Invitational","Invitational",2019,"Circuit Lab",26,FALSE,FALSE
"Tiger Invitational","Invitational",2019,"Codebusters",20,FALSE,FALSE
"Tiger Invitational","Invitational",2019,"Designer Genes",18,FALSE,FALSE
"Tiger Invitational","Invitational",2019,"Disease Detectives",18,FALSE,FALSE
"Tiger Invitational","Invitational",2019,"Dynamic Planet",12,FALSE,FALSE
"Tiger Invitational","Invitational",2019,"Experimental Design",19,FALSE,FALSE
"Tiger Invitational","Invitational",2019,"Fermi Questions",10,FALSE,FALSE
"Tiger Invitational","Invitational",2019,"Forensics",21,FALSE,FALSE
"Tiger Invitational","Invitational",2019,"Fossils",25,FALSE,FALSE
"Tiger Invitational","Invitational",2019,"Geologic Mapping",24,FALSE,FALSE
"Tiger Invitational","Invitational",2019,"Herpetology",16,FALSE,FALSE
"Tiger Invitational","Invitational",2019,"Mission Possible",14,FALSE,FALSE
"Tiger Invitational","Invitational",2019,"Mousetrap Vehicle",22,FALSE,FALSE
"Tiger Invitational","Invitational",2019,"Protein Modeling",23,FALSE,FALSE
"Tiger Invitational","Invitational",2019,"Sounds of Music",22,FALSE,FALSE
"Tiger Invitational","Invitational",2019,"Thermodynamics",17,FALSE,FALSE
"Tiger Invitational","Invitational",2019,"Water Quality",13,FALSE,FALSE
"Tiger Invitational","Invitational",2019,"Wright Stuff",14,FALSE,FALSE
"Tiger Invitational","Invitational",2019,"Write It Do It",20,FALSE,FALSE
"BAVF Invitational","Invitational",2019,"Anatomy and Physiology",11,FALSE,FALSE
"BAVF Invitational","Invitational",2019,"Astronomy",26,FALSE,FALSE
"BAVF Invitational","Invitational",2019,"Boomilever",23,FALSE,FALSE
"BAVF Invitational","Invitational",2019,"Chemistry Lab",19,FALSE,FALSE
"BAVF Invitational","Invitational",2019,"Circuit Lab",11,FALSE,FALSE
"BAVF Invitational","Invitational",2019,"Codebusters",41,FALSE,FALSE
"BAVF Invitational","Invitational",2019,"Designer Genes",27,FALSE,FALSE
"BAVF Invitational","Invitational",2019,"Disease Detectives",20,FALSE,FALSE
"BAVF Invitational","Invitational",2019,"Dynamic Planet",11,FALSE,FALSE
"BAVF Invitational","Invitational",2019,"Experimental Design",19,FALSE,FALSE
"BAVF Invitational","Invitational",2019,"Fermi Questions",29,FALSE,FALSE
"BAVF Invitational","Invitational",2019,"Forensics",37,FALSE,FALSE
"BAVF Invitational","Invitational",2019,"Fossils",20,FALSE,FALSE
"BAVF Invitational","Invitational",2019,"Geologic Mapping",12,FALSE,FALSE
"BAVF Invitational","Invitational",2019,"Herpetology",13,FALSE,FALSE
"BAVF Invitational","Invitational",2019,"Mission Possible",17,FALSE,FALSE
"BAVF Invitational","Invitational",2019,"Mousetrap Vehicle",28,FALSE,FALSE
"BAVF Invitational","Invitational",2019,"Protein Modeling",8,FALSE,FALSE
"BAVF Invitational","Invitational",2019,"Sounds of Music",35,FALSE,FALSE
"BAVF Invitational","Invitational",2019,"Thermodynamics",17,FALSE,FALSE
"BAVF Invitational","Invitational",2019,"Water Quality",24,FALSE,FALSE
"BAVF Invitational","Invitational",2019,"Wright Stuff",2,TRUE,FALSE
"BAVF Invitational","Invitational",2019,"Write It Do It",38,FALSE,FALSE
"BAVF Invitational","Invitational",2019,"Anatomy and Physiology",35,FALSE,FALSE
"BAVF Invitational","Invitational",2019,"Astronomy",37,FALSE,FALSE
"BAVF Invitational","Invitational",2019,"Boomilever",13,FALSE,FALSE
"BAVF Invitational","Invitational",2019,"Chemistry Lab",34,FALSE,FALSE
"BAVF Invitational","Invitational",2019,"Circuit Lab",36,FALSE,FALSE
"BAVF Invitational","Invitational",2019,"Codebusters",39,FALSE,FALSE
"BAVF Invitational","Invitational",2019,"Designer Genes",35,FALSE,FALSE
"BAVF Invitational","Invitational",2019,"Disease Detectives",37,FALSE,FALSE
"BAVF Invitational","Invitational",2019,"Dynamic Planet",36,FALSE,FALSE
"BAVF Invitational","Invitational",2019,"Experimental Design",18,FALSE,FALSE
"BAVF Invitational","Invitational",2019,"Fermi Questions",34,FALSE,FALSE
"BAVF Invitational","Invitational",2019,"Forensics",43,FALSE,FALSE
"BAVF Invitational","Invitational",2019,"Fossils",32,FALSE,FALSE
"BAVF Invitational","Invitational",2019,"Geologic Mapping",28,FALSE,FALSE
"BAVF Invitational","Invitational",2019,"Herpetology",32,FALSE,FALSE
"BAVF Invitational","Invitational",2019,"Mousetrap Vehicle",26,FALSE,FALSE
"BAVF Invitational","Invitational",2019,"Protein Modeling",27,FALSE,FALSE
"BAVF Invitational","Invitational",2019,"Sounds of Music",36,FALSE,FALSE
"BAVF Invitational","Invitational",2019,"Thermodynamics",34,FALSE,FALSE
"BAVF Invitational","Invitational",2019,"Water Quality",27,FALSE,FALSE
"BAVF Invitational","Invitational",2019,"Wright Stuff",23,FALSE,FALSE
"BAVF Invitational","Invitational",2019,"Write It Do It",10,FALSE,FALSE
"Central PA Regional","Regionals",2020,"Anatomy and Physiology",2,TRUE,FALSE
"Central PA Regional","Regionals",2020,"Astronomy",11,FALSE,FALSE
"Central PA Regional","Regionals",2020,"Boomilever",17,FALSE,FALSE
"Central PA Regional","Regionals",2020,"Chemistry Lab",11,FALSE,FALSE
"Central PA Regional","Regionals",2020,"Circuit Lab",4,TRUE,FALSE
"Central PA Regional","Regionals",2020,"Codebusters",5,FALSE,FALSE
"Central PA Regional","Regionals",2020,"Designer Genes",9,FALSE,FALSE
"Central PA Regional","Regionals",2020,"Detector Building",6,FALSE,FALSE
"Central PA Regional","Regionals",2020,"Disease Detectives",11,FALSE,FALSE
"Central PA Regional","Regionals",2020,"Dynamic Planet",4,TRUE,FALSE
"Central PA Regional","Regionals",2020,"Experimental Design",16,FALSE,FALSE
"Central PA Regional","Regionals",2020,"Forensics",9,FALSE,FALSE
"Central PA Regional","Regionals",2020,"Fossils",12,FALSE,FALSE
"Central PA Regional","Regionals",2020,"Geologic Mapping",9,FALSE,FALSE
"Central PA Regional","Regionals",2020,"Gravity Vehicle",12,FALSE,FALSE
"Central PA Regional","Regionals",2020,"Machines",6,FALSE,FALSE
"Central PA Regional","Regionals",2020,"Ornithology",10,FALSE,FALSE
"Central PA Regional","Regionals",2020,"Ping Pong Parachute",3,TRUE,FALSE
"Central PA Regional","Regionals",2020,"Protein Modeling",7,FALSE,FALSE
"Central PA Regional","Regionals",2020,"Sounds of Music",19,FALSE,FALSE
"Central PA Regional","Regionals",2020,"Water Quality",3,TRUE,FALSE
"Central PA Regional","Regionals",2020,"Wright Stuff",19,FALSE,FALSE
"Central PA Regional","Regionals",2020,"Write It Do It",4,TRUE,FALSE
"Tiger Invitational","Invitational",2020,"Anatomy and Physiology",23,FALSE,FALSE
"Tiger Invitational","Invitational",2020,"Astronomy",22,FALSE,FALSE
"Tiger Invitational","Invitational",2020,"Boomilever",13,FALSE,FALSE
"Tiger Invitational","Invitational",2020,"Chemistry Lab",17,FALSE,FALSE
"Tiger Invitational","Invitational",2020,"Circuit Lab",25,FALSE,FALSE
"Tiger Invitational","Invitational",2020,"Codebusters",20,FALSE,FALSE
"Tiger Invitational","Invitational",2020,"Designer Genes",22,FALSE,FALSE
"Tiger Invitational","Invitational",2020,"Detector Building",15,FALSE,FALSE
"Tiger Invitational","Invitational",2020,"Dynamic Planet",22,FALSE,FALSE
"Tiger Invitational","Invitational",2020,"Experimental Design",28,FALSE,FALSE
"Tiger Invitational","Invitational",2020,"Forensics",21,FALSE,FALSE
"Tiger Invitational","Invitational",2020,"Fossils",23,FALSE,FALSE
"Tiger Invitational","Invitational",2020,"Geologic Mapping",23,FALSE,FALSE
"Tiger Invitational","Invitational",2020,"Gravity Vehicle",26,FALSE,FALSE
"Tiger Invitational","Invitational",2020,"Machines",17,FALSE,FALSE
"Tiger Invitational","Invitational",2020,"Ornithology",28,FALSE,FALSE
"Tiger Invitational","Invitational",2020,"Ping Pong Parachute",3,TRUE,FALSE
"Tiger Invitational","Invitational",2020,"Protein Modeling",16,FALSE,FALSE
"Tiger Invitational","Invitational",2020,"Sounds of Music",24,FALSE,FALSE
"Tiger Invitational","Invitational",2020,"Water Quality",24,FALSE,FALSE
"Tiger Invitational","Invitational",2020,"Wright Stuff",10,FALSE,FALSE
"Tiger Invitational","Invitational",2020,"Write It Do It",10,FALSE,FALSE
"Tiger Invitational","Invitational",2020,"Anatomy and Physiology",13,FALSE,FALSE
"Tiger Invitational","Invitational",2020,"Astronomy",12,FALSE,FALSE
"Tiger Invitational","Invitational",2020,"Boomilever",26,FALSE,FALSE
"Tiger Invitational","Invitational",2020,"Chemistry Lab",15,FALSE,FALSE
"Tiger Invitational","Invitational",2020,"Circuit Lab",12,FALSE,FALSE
"Tiger Invitational","Invitational",2020,"Codebusters",11,FALSE,FALSE
"Tiger Invitational","Invitational",2020,"Designer Genes",21,FALSE,FALSE
"Tiger Invitational","Invitational",2020,"Detector Building",6,FALSE,FALSE
"Tiger Invitational","Invitational",2020,"Disease Detectives",13,FALSE,FALSE
"Tiger Invitational","Invitational",2020,"Dynamic Planet",7,FALSE,FALSE
"Tiger Invitational","Invitational",2020,"Experimental Design",22,FALSE,FALSE
"Tiger Invitational","Invitational",2020,"Forensics",16,FALSE,FALSE
"Tiger Invitational","Invitational",2020,"Fossils",24,FALSE,FALSE
"Tiger Invitational","Invitational",2020,"Geologic Mapping",9,FALSE,FALSE
"Tiger Invitational","Invitational",2020,"Gravity Vehicle",23,FALSE,FALSE
"Tiger Invitational","Invitational",2020,"Machines",12,FALSE,FALSE
"Tiger Invitational","Invitational",2020,"Ornithology",23,FALSE,FALSE
"Tiger Invitational","Invitational",2020,"Ping Pong Parachute",4,TRUE,FALSE
"Tiger Invitational","Invitational",2020,"Protein Modeling",14,FALSE,FALSE
"Tiger Invitational","Invitational",2020,"Sounds of Music",13,FALSE,FALSE
"Tiger Invitational","Invitational",2020,"Water Quality",21,FALSE,FALSE
"Tiger Invitational","Invitational",2020,"Write It Do It",12,FALSE,FALSE
"Barons Invitational","Invitational",2020,"Anatomy and Physiology",27,FALSE,FALSE
"Barons Invitational","Invitational",2020,"Astronomy",21,FALSE,FALSE
"Barons Invitational","Invitational",2020,"Boomilever",11,FALSE,FALSE
"Barons Invitational","Invitational",2020,"Chemistry Lab",13,FALSE,FALSE
"Barons Invitational","Invitational",2020,"Circuit Lab",21,FALSE,FALSE
"Barons Invitational","Invitational",2020,"Codebusters",23,FALSE,FALSE
"Barons Invitational","Invitational",2020,"Designer Genes",24,FALSE,FALSE
"Barons Invitational","Invitational",2020,"Detector Building",10,FALSE,FALSE
"Barons Invitational","Invitational",2020,"Disease Detectives",26,FALSE,FALSE
"Barons Invitational","Invitational",2020,"Dynamic Planet",13,FALSE,FALSE
"Barons Invitational","Invitational",2020,"Experimental Design",22,FALSE,FALSE
"Barons Invitational","Invitational",2020,"Forensics",26,FALSE,FALSE
"Barons Invitational","Invitational",2020,"Fossils",22,FALSE,FALSE
"Barons Invitational","Invitational",2020,"Geologic Mapping",11,FALSE,FALSE
"Barons Invitational","Invitational",2020,"Machines",20,FALSE,FALSE
"Barons Invitational","Invitational",2020,"Ornithology",4,TRUE,FALSE
"Barons Invitational","Invitational",2020,"Ping Pong Parachute",8,FALSE,FALSE
"Barons Invitational","Invitational",2020,"Protein Modeling",15,FALSE,FALSE
"Barons Invitational","Invitational",2020,"Sounds of Music",15,FALSE,FALSE
"Barons Invitational","Invitational",2020,"Water Quality",19,FALSE,FALSE
"Barons Invitational","Invitational",2020,"Wright Stuff",7,FALSE,FALSE
"Barons Invitational","Invitational",2020,"Write It Do It",11,FALSE,FALSE
"Barons Invitational","Invitational",2020,"Anatomy and Physiology",2,TRUE,FALSE
"Barons Invitational","Invitational",2020,"Astronomy",7,FALSE,FALSE
"Barons Invitational","Invitational",2020,"Boomilever",18,FALSE,FALSE
"Barons Invitational","Invitational",2020,"Chemistry Lab",19,FALSE,FALSE
"Barons Invitational","Invitational",2020,"Circuit Lab",22,FALSE,FALSE
"Barons Invitational","Invitational",2020,"Codebusters",9,FALSE,FALSE
"Barons Invitational","Invitational",2020,"Designer Genes",15,FALSE,FALSE
"Barons Invitational","Invitational",2020,"Detector Building",8,FALSE,FALSE
"Barons Invitational","Invitational",2020,"Disease Detectives",22,FALSE,FALSE
"Barons Invitational","Invitational",2020,"Dynamic Planet",14,FALSE,FALSE
"Barons Invitational","Invitational",2020,"Experimental Design",12,FALSE,FALSE
"Barons Invitational","Invitational",2020,"Forensics",12,FALSE,FALSE
"Barons Invitational","Invitational",2020,"Fossils",14,FALSE,FALSE
"Barons Invitational","Invitational",2020,"Geologic Mapping",24,FALSE,FALSE
"Barons Invitational","Invitational",2020,"Gravity Vehicle",10,FALSE,FALSE
"Barons Invitational","Invitational",2020,"Machines",13,FALSE,FALSE
"Barons Invitational","Invitational",2020,"Ornithology",14,FALSE,FALSE
"Barons Invitational","Invitational",2020,"Ping Pong Parachute",10,FALSE,FALSE
"Barons Invitational","Invitational",2020,"Protein Modeling",5,TRUE,FALSE
"Barons Invitational","Invitational",2020,"Sounds of Music",20,FALSE,FALSE
"Barons Invitational","Invitational",2020,"Water Quality",22,FALSE,FALSE
"Barons Invitational","Invitational",2020,"Wright Stuff",14,FALSE,FALSE
"Barons Invitational","Invitational",2020,"Write It Do It",18,FALSE,FALSE
"BAVF Invitational","Invitational",2020,"Anatomy and Physiology",44,FALSE,FALSE
"BAVF Invitational","Invitational",2020,"Boomilever",25,FALSE,FALSE
"BAVF Invitational","Invitational",2020,"Chemistry Lab",31,FALSE,FALSE
"BAVF Invitational","Invitational",2020,"Circuit Lab",43,FALSE,FALSE
"BAVF Invitational","Invitational",2020,"Codebusters",43,FALSE,FALSE
"BAVF Invitational","Invitational",2020,"Designer Genes",37,FALSE,FALSE
"BAVF Invitational","Invitational",2020,"Detector Building",31,FALSE,FALSE
"BAVF Invitational","Invitational",2020,"Disease Detectives",38,FALSE,FALSE
"BAVF Invitational","Invitational",2020,"Dynamic Planet",39,FALSE,FALSE
"BAVF Invitational","Invitational",2020,"Experimental Design",31,FALSE,FALSE
"BAVF Invitational","Invitational",2020,"Forensics",43,FALSE,FALSE
"BAVF Invitational","Invitational",2020,"Fossils",40,FALSE,FALSE
"BAVF Invitational","Invitational",2020,"Geologic Mapping",28,FALSE,FALSE
"BAVF Invitational","Invitational",2020,"Gravity Vehicle",31,FALSE,FALSE
"BAVF Invitational","Invitational",2020,"Machines",39,FALSE,FALSE
"BAVF Invitational","Invitational",2020,"Ornithology",37,FALSE,FALSE
"BAVF Invitational","Invitational",2020,"Ping Pong Parachute",31,FALSE,FALSE
"BAVF Invitational","Invitational",2020,"Protein Modeling",3,TRUE,FALSE
"BAVF Invitational","Invitational",2020,"Sounds of Music",39,FALSE,FALSE
"BAVF Invitational","Invitational",2020,"Water Quality",40,FALSE,FALSE
"BAVF Invitational","Invitational",2020,"Wright Stuff",23,FALSE,FALSE
"BAVF Invitational","Invitational",2020,"Write It Do It",37,FALSE,FALSE
"BAVF Invitational","Invitational",2020,"Anatomy and Physiology",23,FALSE,FALSE
"BAVF Invitational","Invitational",2020,"Astronomy",40,FALSE,FALSE
"BAVF Invitational","Invitational",2020,"Boomilever",38,FALSE,FALSE
"BAVF Invitational","Invitational",2020,"Chemistry Lab",25,FALSE,FALSE
"BAVF Invitational","Invitational",2020,"Circuit Lab",26,FALSE,FALSE
"BAVF Invitational","Invitational",2020,"Codebusters",20,FALSE,FALSE
"BAVF Invitational","Invitational",2020,"Designer Genes",42,FALSE,FALSE
"BAVF Invitational","Invitational",2020,"Detector Building",10,FALSE,FALSE
"BAVF Invitational","Invitational",2020,"Disease Detectives",28,FALSE,FALSE
"BAVF Invitational","Invitational",2020,"Dynamic Planet",20,FALSE,FALSE
"BAVF Invitational","Invitational",2020,"Experimental Design",45,FALSE,FALSE
"BAVF Invitational","Invitational",2020,"Forensics",29,FALSE,FALSE
"BAVF Invitational","Invitational",2020,"Fossils",29,FALSE,FALSE
"BAVF Invitational","Invitational",2020,"Geologic Mapping",24,FALSE,FALSE
"BAVF Invitational","Invitational",2020,"Machines",21,FALSE,FALSE
"BAVF Invitational","Invitational",2020,"Ornithology",21,FALSE,FALSE
"BAVF Invitational","Invitational",2020,"Ping Pong Parachute",17,FALSE,FALSE
"BAVF Invitational","Invitational",2020,"Protein Modeling",32,FALSE,FALSE
"BAVF Invitational","Invitational",2020,"Sounds of Music",32,FALSE,FALSE
"BAVF Invitational","Invitational",2020,"Water Quality",32,FALSE,FALSE
"BAVF Invitational","Invitational",2020,"Write It Do It",17,FALSE,FALSE
"PA States","States",2022,"Anatomy and Physiology",16,FALSE,FALSE
"PA States","States",2022,"Astronomy",23,FALSE,FALSE
"PA States","States",2022,"Bridge",24,FALSE,FALSE
"PA States","States",2022,"Cell Biology",35,FALSE,FALSE
"PA States","States",2022,"Chemistry Lab",21,FALSE,FALSE
"PA States","States",2022,"Codebusters",13,FALSE,FALSE
"PA States","States",2022,"Detector Building",10,FALSE,FALSE
"PA States","States",2022,"Disease Detectives",14,FALSE,FALSE
"PA States","States",2022,"Dynamic Planet",31,FALSE,FALSE
"PA States","States",2022,"Environmental Chemistry",24,FALSE,FALSE
"PA States","States",2022,"Experimental Design",19,FALSE,FALSE
"PA States","States",2022,"Forensics",12,FALSE,FALSE
"PA States","States",2022,"Gravity Vehicle",23,FALSE,FALSE
"PA States","States",2022,"Green Generation",27,FALSE,FALSE
"PA States","States",2022,"It's About Time",32,FALSE,FALSE
"PA States","States",2022,"Ornithology",20,FALSE,FALSE
"PA States","States",2022,"Ping Pong Parachute",16,FALSE,FALSE
"PA States","States",2022,"Remote Sensing",9,FALSE,FALSE
"PA States","States",2022,"Rocks and Minerals",23,FALSE,FALSE
"PA States","States",2022,"Trajectory",3,TRUE,FALSE
"PA States","States",2022,"WiFi Lab",6,TRUE,FALSE
"PA States","States",2022,"Wright Stuff",11,FALSE,FALSE
"PA States","States",2022,"Write It Do It",14,FALSE,FALSE
"Central North PA Regional","Regionals",2022,"Anatomy and Physiology",7,FALSE,FALSE
"Central North PA Regional","Regionals",2022,"Astronomy",17,FALSE,FALSE
"Central North PA Regional","Regionals",2022,"Bridge",17,FALSE,FALSE
"Central North PA Regional","Regionals",2022,"Cell Biology",18,FALSE,FALSE
"Central North PA Regional","Regionals",2022,"Chemistry Lab",15,FALSE,FALSE
"Central North PA Regional","Regionals",2022,"Codebusters",4,FALSE,FALSE
"Central North PA Regional","Regionals",2022,"Detector Building",3,FALSE,FALSE
"Central North PA Regional","Regionals",2022,"Disease Detectives",5,FALSE,FALSE
"Central North PA Regional","Regionals",2022,"Dynamic Planet",15,FALSE,FALSE
"Central North PA Regional","Regionals",2022,"Environmental Chemistry",5,FALSE,FALSE
"Central North PA Regional","Regionals",2022,"Experimental Design",3,FALSE,FALSE
"Central North PA Regional","Regionals",2022,"Forensics",18,FALSE,FALSE
"Central North PA Regional","Regionals",2022,"Gravity Vehicle",12,FALSE,FALSE
"Central North PA Regional","Regionals",2022,"Green Generation",7,FALSE,FALSE
"Central North PA Regional","Regionals",2022,"It's About Time",5,FALSE,FALSE
"Central North PA Regional","Regionals",2022,"Ornithology",6,FALSE,FALSE
"Central North PA Regional","Regionals",2022,"Ping Pong Parachute",5,FALSE,FALSE
"Central North PA Regional","Regionals",2022,"Remote Sensing",4,FALSE,FALSE
"Central North PA Regional","Regionals",2022,"Rocks and Minerals",7,FALSE,FALSE
"Central North PA Regional","Regionals",2022,"Trajectory",2,FALSE,FALSE
"Central North PA Regional","Regionals",2022,"WiFi Lab",2,FALSE,FALSE
"Central North PA Regional","Regionals",2022,"Wright Stuff",1,FALSE,FALSE
"Central North PA Regional","Regionals",2022,"Write It Do It",22,FALSE,FALSE
"Pitt Invitational","Invitational",2022,"Anatomy and Physiology",9,FALSE,FALSE
"Pitt Invitational","Invitational",2022,"Astronomy",5,FALSE,FALSE
"Pitt Invitational","Invitational",2022,"Cell Biology",3,FALSE,FALSE
"Pitt Invitational","Invitational",2022,"Chemistry Lab",6,FALSE,FALSE
"Pitt Invitational","Invitational",2022,"Codebusters",3,FALSE,FALSE
"Pitt Invitational","Invitational",2022,"Detector Building",5,FALSE,FALSE
"Pitt Invitational","Invitational",2022,"Disease Detectives",7,FALSE,FALSE
"Pitt Invitational","Invitational",2022,"Dynamic Planet",8,FALSE,FALSE
"Pitt Invitational","Invitational",2022,"Environmental Chemistry",5,FALSE,FALSE
"Pitt Invitational","Invitational",2022,"Experimental Design",3,FALSE,FALSE
"Pitt Invitational","Invitational",2022,"Forensics",7,FALSE,FALSE
"Pitt Invitational","Invitational",2022,"Green Generation",8,FALSE,FALSE
"Pitt Invitational","Invitational",2022,"It's About Time",6,FALSE,FALSE
"Pitt Invitational","Invitational",2022,"Ornithology",6,FALSE,FALSE
"Pitt Invitational","Invitational",2022,"Remote Sensing",7,FALSE,FALSE
"Pitt Invitational","Invitational",2022,"Rocks and Minerals",6,FALSE,FALSE
"Pitt Invitational","Invitational",2022,"WiFi Lab",2,FALSE,FALSE
"Pitt Invitational","Invitational",2022,"Write It Do It",3,FALSE,FALSE
"Pitt Invitational","Invitational",2022,"Anatomy and Physiology",4,FALSE,FALSE
"Pitt Invitational","Invitational",2022,"Astronomy",10,FALSE,FALSE
"Pitt Invitational","Invitational",2022,"Cell Biology",10,FALSE,FALSE
"Pitt Invitational","Invitational",2022,"Chemistry Lab",3,FALSE,FALSE
"Pitt Invitational","Invitational",2022,"Codebusters",10,FALSE,FALSE
"Pitt Invitational","Invitational",2022,"Detector Building",4,FALSE,FALSE
"Pitt Invitational","Invitational",2022,"Disease Detectives",6,FALSE,FALSE
"Pitt Invitational","Invitational",2022,"Dynamic Planet",10,FALSE,FALSE
"Pitt Invitational","Invitational",2022,"Environmental Chemistry",6,FALSE,FALSE
"Pitt Invitational","Invitational",2022,"Experimental Design",8,FALSE,FALSE
"Pitt Invitational","Invitational",2022,"Forensics",4,FALSE,FALSE
"Pitt Invitational","Invitational",2022,"Green Generation",9,FALSE,FALSE
"Pitt Invitational","Invitational",2022,"It's About Time",7,FALSE,FALSE
"Pitt Invitational","Invitational",2022,"Ornithology",5,FALSE,FALSE
"Pitt Invitational","Invitational",2022,"Remote Sensing",5,FALSE,FALSE
"Pitt Invitational","Invitational",2022,"Rocks and Minerals",9,FALSE,FALSE
"Pitt Invitational","Invitational",2022,"WiFi Lab",3,FALSE,FALSE
"Pitt Invitational","Invitational",2022,"Write It Do It",2,FALSE,FALSE
"Dick Smith Memorial Invitational","Invitational",2022,"Anatomy and Physiology",28,FALSE,FALSE
"Dick Smith Memorial Invitational","Invitational",2022,"Astronomy",36,FALSE,FALSE
"Dick Smith Memorial Invitational","Invitational",2022,"Bridge",31,FALSE,FALSE
"Dick Smith Memorial Invitational","Invitational",2022,"Cell Biology",67,FALSE,FALSE
"Dick Smith Memorial Invitational","Invitational",2022,"Chemistry Lab",38,FALSE,FALSE
"Dick Smith Memorial Invitational","Invitational",2022,"Codebusters",45,FALSE,FALSE
"Dick Smith Memorial Invitational","Invitational",2022,"Detector Building",15,FALSE,FALSE
"Dick Smith Memorial Invitational","Invitational",2022,"Disease Detectives",18,FALSE,FALSE
"Dick Smith Memorial Invitational","Invitational",2022,"Dynamic Planet",64,FALSE,FALSE
"Dick Smith Memorial Invitational","Invitational",2022,"Environmental Chemistry",46,FALSE,FALSE
"Dick Smith Memorial Invitational","Invitational",2022,"Experimental Design",42,FALSE,FALSE
"Dick Smith Memorial Invitational","Invitational",2022,"Forensics",46,FALSE,FALSE
"Dick Smith Memorial Invitational","Invitational",2022,"Green Generation",21,FALSE,FALSE
"Dick Smith Memorial Invitational","Invitational",2022,"It's About Time",24,FALSE,FALSE
"Dick Smith Memorial Invitational","Invitational",2022,"Ornithology",60,FALSE,FALSE
"Dick Smith Memorial Invitational","Invitational",2022,"Remote Sensing",47,FALSE,FALSE
"Dick Smith Memorial Invitational","Invitational",2022,"Rocks and Minerals",41,FALSE,FALSE
"Dick Smith Memorial Invitational","Invitational",2022,"WiFi Lab",12,FALSE,FALSE
"Dick Smith Memorial Invitational","Invitational",2022,"Anatomy and Physiology",56,FALSE,FALSE
"Dick Smith Memorial Invitational","Invitational",2022,"Astronomy",65,FALSE,FALSE
"Dick Smith Memorial Invitational","Invitational",2022,"Bridge",28,FALSE,FALSE
"Dick Smith Memorial Invitational","Invitational",2022,"Cell Biology",51,FALSE,FALSE
"Dick Smith Memorial Invitational","Invitational",2022,"Chemistry Lab",46,FALSE,FALSE
"Dick Smith Memorial Invitational","Invitational",2022,"Codebusters",64,FALSE,FALSE
"Dick Smith Memorial Invitational","Invitational",2022,"Detector Building",51,FALSE,FALSE
"Dick Smith Memorial Invitational","Invitational",2022,"Disease Detectives",54,FALSE,FALSE
"Dick Smith Memorial Invitational","Invitational",2022,"Dynamic Planet",49,FALSE,FALSE
"Dick Smith Memorial Invitational","Invitational",2022,"Environmental Chemistry",59,FALSE,FALSE
"Dick Smith Memorial Invitational","Invitational",2022,"Experimental Design",41,FALSE,FALSE
"Dick Smith Memorial Invitational","Invitational",2022,"Forensics",58,FALSE,FALSE
"Dick Smith Memorial Invitational","Invitational",2022,"Gravity Vehicle",22,FALSE,FALSE
"Dick Smith Memorial Invitational","Invitational",2022,"Green Generation",29,FALSE,FALSE
"Dick Smith Memorial Invitational","Invitational",2022,"It's About Time",39,FALSE,FALSE
"Dick Smith Memorial Invitational","Invitational",2022,"Ornithology",58,FALSE,FALSE
"Dick Smith Memorial Invitational","Invitational",2022,"Remote Sensing",39,FALSE,FALSE
"Dick Smith Memorial Invitational","Invitational",2022,"Rocks and Minerals",38,FALSE,FALSE
"Dick Smith Memorial Invitational","Invitational",2022,"WiFi Lab",28,FALSE,FALSE
"Central PA Regional","Regionals",2023,"Anatomy and Physiology",12,FALSE,TRUE
"Central PA Regional","Regionals",2023,"Astronomy",18,FALSE,TRUE
"Central PA Regional","Regionals",2023,"Bridge",15,FALSE,TRUE
"Central PA Regional","Regionals",2023,"Cell Biology",9,FALSE,TRUE
"Central PA Regional","Regionals",2023,"Chemistry Lab",5,FALSE,TRUE
"Central PA Regional","Regionals",2023,"Codebusters",8,FALSE,TRUE
"Central PA Regional","Regionals",2023,"Detector Building",4,TRUE,TRUE
"Central PA Regional","Regionals",2023,"Disease Detectives",11,FALSE,TRUE
"Central PA Regional","Regionals",2023,"Dynamic Planet",10,FALSE,TRUE
"Central PA Regional","Regionals",2023,"Environmental Chemistry",15,FALSE,TRUE
"Central PA Regional","Regionals",2023,"Experimental Design",4,TRUE,TRUE
"Central PA Regional","Regionals",2023,"Fermi Questions",14,FALSE,TRUE
"Central PA Regional","Regionals",2023,"Flight",4,TRUE,TRUE
"Central PA Regional","Regionals",2023,"Forensics",14,FALSE,TRUE
"Central PA Regional","Regionals",2023,"Forestry",15,FALSE,TRUE
"Central PA Regional","Regionals",2023,"Green Generation",11,FALSE,TRUE
"Central PA Regional","Regionals",2023,"It's About Time",9,FALSE,TRUE
"Central PA Regional","Regionals",2023,"Remote Sensing",2,TRUE,TRUE
"Central PA Regional","Regionals",2023,"Rocks and Minerals",6,FALSE,TRUE
"Central PA Regional","Regionals",2023,"Scrambler",8,FALSE,TRUE
"Central PA Regional","Regionals",2023,"Trajectory",4,TRUE,TRUE
"Central PA Regional","Regionals",2023,"WiFi Lab",6,FALSE,TRUE
"Central PA Regional","Regionals",2023,"Write It Do It",17,FALSE,TRUE
"BAVF Invitational","Invitational",2023,"Anatomy and Physiology",19,FALSE,FALSE
"BAVF Invitational","Invitational",2023,"Astronomy",34,FALSE,FALSE
"BAVF Invitational","Invitational",2023,"Bridge",31,FALSE,FALSE
"BAVF Invitational","Invitational",2023,"Cell Biology",28,FALSE,FALSE
"BAVF Invitational","Invitational",2023,"Chemistry Lab",29,FALSE,FALSE
"BAVF Invitational","Invitational",2023,"Codebusters",33,FALSE,FALSE
"BAVF Invitational","Invitational",2023,"Detector Building",33,FALSE,FALSE
"BAVF Invitational","Invitational",2023,"Disease Detectives",30,FALSE,FALSE
"BAVF Invitational","Invitational",2023,"Dynamic Planet",21,FALSE,FALSE
"BAVF Invitational","Invitational",2023,"Environmental Chemistry",38,FALSE,FALSE
"BAVF Invitational","Invitational",2023,"Experimental Design",41,FALSE,FALSE
"BAVF Invitational","Invitational",2023,"Fermi Questions",36,FALSE,FALSE
"BAVF Invitational","Invitational",2023,"Flight",30,FALSE,FALSE
"BAVF Invitational","Invitational",2023,"Forensics",33,FALSE,FALSE
"BAVF Invitational","Invitational",2023,"Forestry",20,FALSE,FALSE
"BAVF Invitational","Invitational",2023,"Green Generation",22,FALSE,FALSE
"BAVF Invitational","Invitational",2023,"It's About Time",24,FALSE,FALSE
"BAVF Invitational","Invitational",2023,"Remote Sensing",38,FALSE,FALSE
"BAVF Invitational","Invitational",2023,"Rocks and Minerals",25,FALSE,FALSE
"BAVF Invitational","Invitational",2023,"Scrambler",22,FALSE,FALSE
"BAVF Invitational","Invitational",2023,"Trajectory",11,FALSE,FALSE
"BAVF Invitational","Invitational",2023,"WiFi Lab",36,FALSE,FALSE
"BAVF Invitational","Invitational",2023,"Write It Do It",25,FALSE,FALSE
"BAVF Invitational","Invitational",2023,"Anatomy and Physiology",39,FALSE,FALSE
"BAVF Invitational","Invitational",2023,"Astronomy",35,FALSE,FALSE
"BAVF Invitational","Invitational",2023,"Bridge",32,FALSE,FALSE
"BAVF Invitational","Invitational",2023,"Cell Biology",40,FALSE,FALSE
"BAVF Invitational","Invitational",2023,"Chemistry Lab",39,FALSE,FALSE
"BAVF Invitational","Invitational",2023,"Codebusters",31,FALSE,FALSE
"BAVF Invitational","Invitational",2023,"Detector Building",28,FALSE,FALSE
"BAVF Invitational","Invitational",2023,"Disease Detectives",38,FALSE,FALSE
"BAVF Invitational","Invitational",2023,"Dynamic Planet",23,FALSE,FALSE
"BAVF Invitational","Invitational",2023,"Environmental Chemistry",36,FALSE,FALSE
"BAVF Invitational","Invitational",2023,"Experimental Design",26,FALSE,FALSE
"BAVF Invitational","Invitational",2023,"Fermi Questions",28,FALSE,FALSE
"BAVF Invitational","Invitational",2023,"Flight",30,FALSE,FALSE
"BAVF Invitational","Invitational",2023,"Forensics",26,FALSE,FALSE
"BAVF Invitational","Invitational",2023,"Forestry",29,FALSE,FALSE
"BAVF Invitational","Invitational",2023,"Green Generation",38,FALSE,FALSE
"BAVF Invitational","Invitational",2023,"It's About Time",31,FALSE,FALSE
"BAVF Invitational","Invitational",2023,"Remote Sensing",26,FALSE,FALSE
"BAVF Invitational","Invitational",2023,"Rocks and Minerals",19,FALSE,FALSE
"BAVF Invitational","Invitational",2023,"Scrambler",26,FALSE,FALSE
"BAVF Invitational","Invitational",2023,"Trajectory",31,FALSE,FALSE
"BAVF Invitational","Invitational",2023,"WiFi Lab",35,FALSE,FALSE
"BAVF Invitational","Invitational",2023,"Write It Do It",31,FALSE,FALSE
"BirdSO Satellite","Invitational",2023,"Anatomy and Physiology",163,FALSE,FALSE
"BirdSO Satellite","Invitational",2023,"Astronomy",169,FALSE,FALSE
"BirdSO Satellite","Invitational",2023,"Bridge",98,FALSE,FALSE
"BirdSO Satellite","Invitational",2023,"Cell Biology",133,FALSE,FALSE
"BirdSO Satellite","Invitational",2023,"Chemistry Lab",165,FALSE,FALSE
"BirdSO Satellite","Invitational",2023,"Codebusters",179,FALSE,FALSE
"BirdSO Satellite","Invitational",2023,"Detector Building",115,FALSE,FALSE
"BirdSO Satellite","Invitational",2023,"Disease Detectives",111,FALSE,FALSE
"BirdSO Satellite","Invitational",2023,"Dynamic Planet",163,FALSE,FALSE
"BirdSO Satellite","Invitational",2023,"Environmental Chemistry",128,FALSE,FALSE
"BirdSO Satellite","Invitational",2023,"Experimental Design",109,FALSE,FALSE
"BirdSO Satellite","Invitational",2023,"Fermi Questions",156,FALSE,FALSE
"BirdSO Satellite","Invitational",2023,"Flight",83,FALSE,FALSE
"BirdSO Satellite","Invitational",2023,"Forensics",122,FALSE,FALSE
"BirdSO Satellite","Invitational",2023,"Forestry",191,FALSE,FALSE
"BirdSO Satellite","Invitational",2023,"Green Generation",185,FALSE,FALSE
"BirdSO Satellite","Invitational",2023,"Remote Sensing",155,FALSE,FALSE
"BirdSO Satellite","Invitational",2023,"Rocks and Minerals",106,FALSE,FALSE
"BirdSO Satellite","Invitational",2023,"Scrambler",62,FALSE,FALSE
"BirdSO Satellite","Invitational",2023,"WiFi Lab",122,FALSE,FALSE
"BirdSO Satellite","Invitational",2023,"Write It Do It",123,FALSE,FALSE
"BirdSO Satellite","Invitational",2023,"Anatomy and Physiology",174,FALSE,FALSE
"BirdSO Satellite","Invitational",2023,"Astronomy",173,FALSE,FALSE
"BirdSO Satellite","Invitational",2023,"Bridge",78,FALSE,FALSE
"BirdSO Satellite","Invitational",2023,"Cell Biology",188,FALSE,FALSE
"BirdSO Satellite","Invitational",2023,"Chemistry Lab",125,FALSE,FALSE
"BirdSO Satellite","Invitational",2023,"Codebusters",191,FALSE,FALSE
"BirdSO Satellite","Invitational",2023,"Disease Detectives",135,FALSE,FALSE
"BirdSO Satellite","Invitational",2023,"Dynamic Planet",160,FALSE,FALSE
"BirdSO Satellite","Invitational",2023,"Environmental Chemistry",160,FALSE,FALSE
"BirdSO Satellite","Invitational",2023,"Experimental Design",132,FALSE,FALSE
"BirdSO Satellite","Invitational",2023,"Fermi Questions",171,FALSE,FALSE
"BirdSO Satellite","Invitational",2023,"Flight",81,FALSE,FALSE
"BirdSO Satellite","Invitational",2023,"Forensics",175,FALSE,FALSE
"BirdSO Satellite","Invitational",2023,"Forestry",131,FALSE,FALSE
"BirdSO Satellite","Invitational",2023,"Green Generation",181,FALSE,FALSE
"BirdSO Satellite","Invitational",2023,"Remote Sensing",77,FALSE,FALSE
"BirdSO Satellite","Invitational",2023,"Rocks and Minerals",119,FALSE,FALSE
"BirdSO Satellite","Invitational",2023,"Scrambler",65,FALSE,FALSE
"BirdSO Satellite","Invitational",2023,"Trajectory",24,FALSE,FALSE
"BirdSO Satellite","Invitational",2023,"WiFi Lab",144,FALSE,FALSE
"BirdSO Satellite","Invitational",2023,"Write It Do It",114,FALSE,FALSE
"Dick Smith Memorial Invitational","Invitational",2023,"Anatomy and Physiology",40,FALSE,FALSE
"Dick Smith Memorial Invitational","Invitational",2023,"Astronomy",25,FALSE,FALSE
"Dick Smith Memorial Invitational","Invitational",2023,"Cell Biology",19,FALSE,FALSE
"Dick Smith Memorial Invitational","Invitational",2023,"Chemistry Lab",63,FALSE,FALSE
"Dick Smith Memorial Invitational","Invitational",2023,"Codebusters",50,FALSE,FALSE
"Dick Smith Memorial Invitational","Invitational",2023,"Detector Building",38,FALSE,FALSE
"Dick Smith Memorial Invitational","Invitational",2023,"Disease Detectives",41,FALSE,FALSE
"Dick Smith Memorial Invitational","Invitational",2023,"Dynamic Planet",23,FALSE,FALSE
"Dick Smith Memorial Invitational","Invitational",2023,"Environmental Chemistry",34,FALSE,FALSE
"Dick Smith Memorial Invitational","Invitational",2023,"Experimental Design",55,FALSE,FALSE
"Dick Smith Memorial Invitational","Invitational",2023,"Fermi Questions",52,FALSE,FALSE
"Dick Smith Memorial Invitational","Invitational",2023,"Forensics",43,FALSE,FALSE
"Dick Smith Memorial Invitational","Invitational",2023,"Forestry",32,FALSE,FALSE
"Dick Smith Memorial Invitational","Invitational",2023,"Green Generation",64,FALSE,FALSE
"Dick Smith Memorial Invitational","Invitational",2023,"It's About Time",37,FALSE,FALSE
"Dick Smith Memorial Invitational","Invitational",2023,"Remote Sensing",18,FALSE,FALSE
"Dick Smith Memorial Invitational","Invitational",2023,"Rocks and Minerals",29,FALSE,FALSE
"Dick Smith Memorial Invitational","Invitational",2023,"WiFi Lab",44,FALSE,FALSE
"Dick Smith Memorial Invitational","Invitational",2023,"Anatomy and Physiology",28,FALSE,FALSE
"Dick Smith Memorial Invitational","Invitational",2023,"Astronomy",46,FALSE,FALSE
"Dick Smith Memorial Invitational","Invitational",2023,"Cell Biology",66,FALSE,FALSE
"Dick Smith Memorial Invitational","Invitational",2023,"Chemistry Lab",54,FALSE,FALSE
"Dick Smith Memorial Invitational","Invitational",2023,"Codebusters",63,FALSE,FALSE
"Dick Smith Memorial Invitational","Invitational",2023,"Detector Building",42,FALSE,FALSE
"Dick Smith Memorial Invitational","Invitational",2023,"Disease Detectives",50,FALSE,FALSE
"Dick Smith Memorial Invitational","Invitational",2023,"Dynamic Planet",52,FALSE,FALSE
"Dick Smith Memorial Invitational","Invitational",2023,"Environmental Chemistry",53,FALSE,FALSE
"Dick Smith Memorial Invitational","Invitational",2023,"Experimental Design",56,FALSE,FALSE
"Dick Smith Memorial Invitational","Invitational",2023,"Fermi Questions",61,FALSE,FALSE
"Dick Smith Memorial Invitational","Invitational",2023,"Forensics",33,FALSE,FALSE
"Dick Smith Memorial Invitational","Invitational",2023,"Forestry",62,FALSE,FALSE
"Dick Smith Memorial Invitational","Invitational",2023,"Green Generation",37,FALSE,FALSE
"Dick Smith Memorial Invitational","Invitational",2023,"It's About Time",31,FALSE,FALSE
"Dick Smith Memorial Invitational","Invitational",2023,"Remote Sensing",43,FALSE,FALSE
"Dick Smith Memorial Invitational","Invitational",2023,"Rocks and Minerals",46,FALSE,FALSE
"Dick Smith Memorial Invitational","Invitational",2023,"WiFi Lab",31,FALSE,FALSE
"Central PA Regional","Regionals",2024,"Air Trajectory",13,FALSE,FALSE
"Central PA Regional","Regionals",2024,"Anatomy and Physiology",4,TRUE,FALSE
"Central PA Regional","Regionals",2024,"Astronomy",15,FALSE,FALSE
"Central PA Regional","Regionals",2024,"Chemistry Lab",7,FALSE,FALSE
"Central PA Regional","Regionals",2024,"Codebusters",6,FALSE,FALSE
"Central PA Regional","Regionals",2024,"Detector Building",6,FALSE,FALSE
"Central PA Regional","Regionals",2024,"Disease Detectives",2,TRUE,FALSE
"Central PA Regional","Regionals",2024,"Dynamic Planet",5,FALSE,FALSE
"Central PA Regional","Regionals",2024,"Ecology",4,TRUE,FALSE
"Central PA Regional","Regionals",2024,"Experimental Design",7,FALSE,FALSE
"Central PA Regional","Regionals",2024,"Fermi Questions",15,FALSE,FALSE
"Central PA Regional","Regionals",2024,"Flight",2,TRUE,FALSE
"Central PA Regional","Regionals",2024,"Forensics",7,FALSE,FALSE
"Central PA Regional","Regionals",2024,"Forestry",5,FALSE,FALSE
"Central PA Regional","Regionals",2024,"Fossils",8,FALSE,FALSE
"Central PA Regional","Regionals",2024,"Geologic Mapping",7,FALSE,FALSE
"Central PA Regional","Regionals",2024,"Microbe Mission",8,FALSE,FALSE
"Central PA Regional","Regionals",2024,"Optics",7,FALSE,FALSE
"Central PA Regional","Regionals",2024,"Robot Tour",6,FALSE,FALSE
"Central PA Regional","Regionals",2024,"Scrambler",10,FALSE,FALSE
"Central PA Regional","Regionals",2024,"Tower",9,FALSE,FALSE
"Central PA Regional","Regionals",2024,"Wind Power",11,FALSE,FALSE
"Central PA Regional","Regionals",2024,"Write It Do It",9,FALSE,FALSE
"BirdSO Satellite","Invitational",2024,"Anatomy and Physiology",124,FALSE,FALSE
"BirdSO Satellite","Invitational",2024,"Astronomy",97,FALSE,FALSE
"BirdSO Satellite","Invitational",2024,"Chemistry Lab",117,FALSE,FALSE
"BirdSO Satellite","Invitational",2024,"Codebusters",125,FALSE,FALSE
"BirdSO Satellite","Invitational",2024,"Detector Building",96,FALSE,FALSE
"BirdSO Satellite","Invitational",2024,"Disease Detectives",123,FALSE,FALSE
"BirdSO Satellite","Invitational",2024,"Dynamic Planet",114,FALSE,FALSE
"BirdSO Satellite","Invitational",2024,"Ecology",109,FALSE,FALSE
"BirdSO Satellite","Invitational",2024,"Experimental Design",117,FALSE,FALSE
"BirdSO Satellite","Invitational",2024,"Fermi Questions",123,FALSE,FALSE
"BirdSO Satellite","Invitational",2024,"Flight",17,FALSE,FALSE
"BirdSO Satellite","Invitational",2024,"Forensics",120,FALSE,FALSE
"BirdSO Satellite","Invitational",2024,"Forestry",115,FALSE,FALSE
"BirdSO Satellite","Invitational",2024,"Fossils",120,FALSE,FALSE
"BirdSO Satellite","Invitational",2024,"Geologic Mapping",109,FALSE,FALSE
"BirdSO Satellite","Invitational",2024,"Microbe Mission",106,FALSE,FALSE
"BirdSO Satellite","Invitational",2024,"Optics",100,FALSE,FALSE
"BirdSO Satellite","Invitational",2024,"Scrambler",44,FALSE,FALSE
"BirdSO Satellite","Invitational",2024,"Tower",60,FALSE,FALSE
"BirdSO Satellite","Invitational",2024,"Wind Power",82,FALSE,FALSE
"BirdSO Satellite","Invitational",2024,"Write It Do It",85,FALSE,FALSE
"BirdSO Satellite","Invitational",2024,"Air Trajectory",52,FALSE,FALSE
"BirdSO Satellite","Invitational",2024,"Anatomy and Physiology",94,FALSE,FALSE
"BirdSO Satellite","Invitational",2024,"Astronomy",112,FALSE,FALSE
"BirdSO Satellite","Invitational",2024,"Chemistry Lab",103,FALSE,FALSE
"BirdSO Satellite","Invitational",2024,"Codebusters",106,FALSE,FALSE
"BirdSO Satellite","Invitational",2024,"Detector Building",92,FALSE,FALSE
"BirdSO Satellite","Invitational",2024,"Disease Detectives",30,FALSE,FALSE
"BirdSO Satellite","Invitational",2024,"Dynamic Planet",106,FALSE,FALSE
"BirdSO Satellite","Invitational",2024,"Ecology",110,FALSE,FALSE
"BirdSO Satellite","Invitational",2024,"Experimental Design",104,FALSE,FALSE
"BirdSO Satellite","Invitational",2024,"Fermi Questions",114,FALSE,FALSE
"BirdSO Satellite","Invitational",2024,"Forensics",96,FALSE,FALSE
"BirdSO Satellite","Invitational",2024,"Forestry",58,FALSE,FALSE
"BirdSO Satellite","Invitational",2024,"Fossils",115,FALSE,FALSE
"BirdSO Satellite","Invitational",2024,"Geologic Mapping",117,FALSE,FALSE
"BirdSO Satellite","Invitational",2024,"Microbe Mission",97,FALSE,FALSE
"BirdSO Satellite","Invitational",2024,"Optics",97,FALSE,FALSE
"BirdSO Satellite","Invitational",2024,"Scrambler",47,FALSE,FALSE
"BirdSO Satellite","Invitational",2024,"Tower",54,FALSE,FALSE
"BirdSO Satellite","Invitational",2024,"Wind Power",99,FALSE,FALSE
"Dick Smith Memorial Invitational","Invitational",2024,"Anatomy and Physiology",46,FALSE,FALSE
"Dick Smith Memorial Invitational","Invitational",2024,"Astronomy",37,FALSE,FALSE
"Dick Smith Memorial Invitational","Invitational",2024,"Chemistry Lab",49,FALSE,FALSE
"Dick Smith Memorial Invitational","Invitational",2024,"Codebusters",44,FALSE,FALSE
"Dick Smith Memorial Invitational","Invitational",2024,"Detector Building",18,FALSE,FALSE
"Dick Smith Memorial Invitational","Invitational",2024,"Disease Detectives",41,FALSE,FALSE
"Dick Smith Memorial Invitational","Invitational",2024,"Dynamic Planet",12,FALSE,FALSE
"Dick Smith Memorial Invitational","Invitational",2024,"Ecology",59,FALSE,FALSE
"Dick Smith Memorial Invitational","Invitational",2024,"Experimental Design",49,FALSE,FALSE
"Dick Smith Memorial Invitational","Invitational",2024,"Fermi Questions",56,FALSE,FALSE
"Dick Smith Memorial Invitational","Invitational",2024,"Forensics",45,FALSE,FALSE
"Dick Smith Memorial Invitational","Invitational",2024,"Forestry",29,FALSE,FALSE
"Dick Smith Memorial Invitational","Invitational",2024,"Fossils",60,FALSE,FALSE
"Dick Smith Memorial Invitational","Invitational",2024,"Geologic Mapping",39,FALSE,FALSE
"Dick Smith Memorial Invitational","Invitational",2024,"Microbe Mission",59,FALSE,FALSE
"Dick Smith Memorial Invitational","Invitational",2024,"Optics",19,FALSE,FALSE
"Dick Smith Memorial Invitational","Invitational",2024,"Wind Power",34,FALSE,FALSE
"Dick Smith Memorial Invitational","Invitational",2024,"Write It Do It",50,FALSE,FALSE
"Dick Smith Memorial Invitational","Invitational",2024,"Anatomy and Physiology",47,FALSE,FALSE
"Dick Smith Memorial Invitational","Invitational",2024,"Astronomy",45,FALSE,FALSE
"Dick Smith Memorial Invitational","Invitational",2024,"Chemistry Lab",58,FALSE,FALSE
"Dick Smith Memorial Invitational","Invitational",2024,"Codebusters",56,FALSE,FALSE
"Dick Smith Memorial Invitational","Invitational",2024,"Detector Building",26,FALSE,FALSE
"Dick Smith Memorial Invitational","Invitational",2024,"Disease Detectives",40,FALSE,FALSE
"Dick Smith Memorial Invitational","Invitational",2024,"Dynamic Planet",60,FALSE,FALSE
"Dick Smith Memorial Invitational","Invitational",2024,"Ecology",14,FALSE,FALSE
"Dick Smith Memorial Invitational","Invitational",2024,"Experimental Design",39,FALSE,FALSE
"Dick Smith Memorial Invitational","Invitational",2024,"Fermi Questions",37,FALSE,FALSE
"Dick Smith Memorial Invitational","Invitational",2024,"Forensics",43,FALSE,FALSE
"Dick Smith Memorial Invitational","Invitational",2024,"Forestry",32,FALSE,FALSE
"Dick Smith Memorial Invitational","Invitational",2024,"Fossils",46,FALSE,FALSE
"Dick Smith Memorial Invitational","Invitational",2024,"Geologic Mapping",33,FALSE,FALSE
"Dick Smith Memorial Invitational","Invitational",2024,"Microbe Mission",58,FALSE,FALSE
"Dick Smith Memorial Invitational","Invitational",2024,"Optics",29,FALSE,FALSE
"Dick Smith Memorial Invitational","Invitational",2024,"Scrambler",11,FALSE,FALSE
"Dick Smith Memorial Invitational","Invitational",2024,"Wind Power",11,FALSE,FALSE
"Dick Smith Memorial Invitational","Invitational",2024,"Write It Do It",31,FALSE,FALSE
"BAVF Invitational","Invitational",2024,"Air Trajectory",29,FALSE,FALSE
"BAVF Invitational","Invitational",2024,"Anatomy and Physiology",21,FALSE,FALSE
"BAVF Invitational","Invitational",2024,"Astronomy",39,FALSE,FALSE
"BAVF Invitational","Invitational",2024,"Chemistry Lab",34,FALSE,FALSE
"BAVF Invitational","Invitational",2024,"Codebusters",22,FALSE,FALSE
"BAVF Invitational","Invitational",2024,"Detector Building",18,FALSE,FALSE
"BAVF Invitational","Invitational",2024,"Disease Detectives",17,FALSE,FALSE
"BAVF Invitational","Invitational",2024,"Dynamic Planet",12,FALSE,FALSE
"BAVF Invitational","Invitational",2024,"Ecology",8,FALSE,FALSE
"BAVF Invitational","Invitational",2024,"Experimental Design",25,FALSE,FALSE
"BAVF Invitational","Invitational",2024,"Fermi Questions",39,FALSE,FALSE
"BAVF Invitational","Invitational",2024,"Flight",19,FALSE,FALSE
"BAVF Invitational","Invitational",2024,"Forensics",21,FALSE,FALSE
"BAVF Invitational","Invitational",2024,"Forestry",17,FALSE,FALSE
"BAVF Invitational","Invitational",2024,"Fossils",37,FALSE,FALSE
"BAVF Invitational","Invitational",2024,"Geologic Mapping",32,FALSE,FALSE
"BAVF Invitational","Invitational",2024,"Microbe Mission",30,FALSE,FALSE
"BAVF Invitational","Invitational",2024,"Optics",14,FALSE,FALSE
"BAVF Invitational","Invitational",2024,"Robot Tour",12,FALSE,FALSE
"BAVF Invitational","Invitational",2024,"Scrambler",26,FALSE,FALSE
"BAVF Invitational","Invitational",2024,"Towers",34,FALSE,FALSE
"BAVF Invitational","Invitational",2024,"Wind Power",40,FALSE,FALSE
"BAVF Invitational","Invitational",2024,"Write It Do It",5,TRUE,FALSE
"BAVF Invitational","Invitational",2024,"Air Trajectory",29,FALSE,FALSE
"BAVF Invitational","Invitational",2024,"Anatomy and Physiology",40,FALSE,FALSE
"BAVF Invitational","Invitational",2024,"Astronomy",33,FALSE,FALSE
"BAVF Invitational","Invitational",2024,"Chemistry Lab",37,FALSE,FALSE
"BAVF Invitational","Invitational",2024,"Codebusters",44,FALSE,FALSE
"BAVF Invitational","Invitational",2024,"Detector Building",32,FALSE,FALSE
"BAVF Invitational","Invitational",2024,"Disease Detectives",31,FALSE,FALSE
"BAVF Invitational","Invitational",2024,"Dynamic Planet",39,FALSE,FALSE
"BAVF Invitational","Invitational",2024,"Ecology",45,FALSE,FALSE
"BAVF Invitational","Invitational",2024,"Experimental Design",40,FALSE,FALSE
"BAVF Invitational","Invitational",2024,"Fermi Questions",46,FALSE,FALSE
"BAVF Invitational","Invitational",2024,"Flight",27,FALSE,FALSE
"BAVF Invitational","Invitational",2024,"Forensics",43,FALSE,FALSE
"BAVF Invitational","Invitational",2024,"Forestry",39,FALSE,FALSE
"BAVF Invitational","Invitational",2024,"Fossils",40,FALSE,FALSE
"BAVF Invitational","Invitational",2024,"Geologic Mapping",31,FALSE,FALSE
"BAVF Invitational","Invitational",2024,"Microbe Mission",37,FALSE,FALSE
"BAVF Invitational","Invitational",2024,"Optics",39,FALSE,FALSE
"BAVF Invitational","Invitational",2024,"Robot Tour",34,FALSE,FALSE
"BAVF Invitational","Invitational",2024,"Scrambler",32,FALSE,FALSE
"BAVF Invitational","Invitational",2024,"Towers",32,FALSE,FALSE
"BAVF Invitational","Invitational",2024,"Wind Power",29,FALSE,FALSE
"BAVF Invitational","Invitational",2024,"Write It Do It",41,FALSE,FALSE
"PA States","States",2025,"Anatomy and Physiology",16,FALSE,FALSE
"PA States","States",2025,"Astronomy",33,FALSE,FALSE
"PA States","States",2025,"Bungee Drop",16,FALSE,FALSE
"PA States","States",2025,"Chemistry Lab",9,TRUE,FALSE
"PA States","States",2025,"Codebusters",30,FALSE,FALSE
"PA States","States",2025,"Disease Detectives",16,FALSE,FALSE
"PA States","States",2025,"Dynamic Planet",27,FALSE,FALSE
"PA States","States",2025,"Ecology",28,FALSE,FALSE
"PA States","States",2025,"Electric Vehicle",9,TRUE,FALSE
"PA States","States",2025,"Entomology",28,FALSE,FALSE
"PA States","States",2025,"Experimental Design",14,FALSE,FALSE
"PA States","States",2025,"Forensics",29,FALSE,FALSE
"PA States","States",2025,"Fossils",35,FALSE,FALSE
"PA States","States",2025,"Geologic Mapping",22,FALSE,FALSE
"PA States","States",2025,"Helicopter",17,FALSE,FALSE
"PA States","States",2025,"Materials Science",11,FALSE,FALSE
"PA States","States",2025,"Microbe Mission",28,FALSE,FALSE
"PA States","States",2025,"Optics",19,FALSE,FALSE
"PA States","States",2025,"Robot Tour",18,FALSE,FALSE
"PA States","States",2025,"Tower",22,FALSE,FALSE
"PA States","States",2025,"Wind Power",32,FALSE,FALSE
"PA States","States",2025,"Write It Do It",10,TRUE,FALSE
"Central PA Regional","Regionals",2025,"Air Trajectory",8,FALSE,FALSE
"Central PA Regional","Regionals",2025,"Anatomy and Physiology",5,TRUE,FALSE
"Central PA Regional","Regionals",2025,"Astronomy",18,FALSE,FALSE
"Central PA Regional","Regionals",2025,"Bungee Drop",7,FALSE,FALSE
"Central PA Regional","Regionals",2025,"Chemistry Lab",4,TRUE,FALSE
"Central PA Regional","Regionals",2025,"Codebusters",16,FALSE,FALSE
"Central PA Regional","Regionals",2025,"Disease Detectives",4,TRUE,FALSE
"Central PA Regional","Regionals",2025,"Dynamic Planet",12,FALSE,FALSE
"Central PA Regional","Regionals",2025,"Ecology",8,FALSE,FALSE
"Central PA Regional","Regionals",2025,"Electric Vehicle",5,TRUE,FALSE
"Central PA Regional","Regionals",2025,"Entomology",3,TRUE,FALSE
"Central PA Regional","Regionals",2025,"Experimental Design",1,TRUE,FALSE
"Central PA Regional","Regionals",2025,"Forensics",4,TRUE,FALSE
"Central PA Regional","Regionals",2025,"Fossils",15,FALSE,FALSE
"Central PA Regional","Regionals",2025,"Geologic Mapping",8,FALSE,FALSE
"Central PA Regional","Regionals",2025,"Helicopter",6,FALSE,FALSE
"Central PA Regional","Regionals",2025,"Materials Science",7,FALSE,FALSE
"Central PA Regional","Regionals",2025,"Microbe Mission",8,FALSE,FALSE
"Central PA Regional","Regionals",2025,"Optics",12,FALSE,FALSE
"Central PA Regional","Regionals",2025,"Robot Tour",7,FALSE,FALSE
"Central PA Regional","Regionals",2025,"Tower",4,TRUE,FALSE
"Central PA Regional","Regionals",2025,"Wind Power",11,FALSE,FALSE
"Central PA Regional","Regionals",2025,"Write It Do It",13,FALSE,FALSE
"UMBC Neighbors Division Invitational","Invitational",2025,"Air Trajectory",4,FALSE,FALSE
"UMBC Neighbors Division Invitational","Invitational",2025,"Anatomy and Physiology",3,TRUE,FALSE
"UMBC Neighbors Division Invitational","Invitational",2025,"Astronomy",11,FALSE,FALSE
"UMBC Neighbors Division Invitational","Invitational",2025,"Bungee Drop",6,FALSE,FALSE
"UMBC Neighbors Division Invitational","Invitational",2025,"Chemistry Lab",1,TRUE,FALSE
"UMBC Neighbors Division Invitational","Invitational",2025,"Codebusters",6,FALSE,FALSE
"UMBC Neighbors Division Invitational","Invitational",2025,"Disease Detectives",8,FALSE,FALSE
"UMBC Neighbors Division Invitational","Invitational",2025,"Dynamic Planet",8,FALSE,FALSE
"UMBC Neighbors Division Invitational","Invitational",2025,"Ecology",12,FALSE,FALSE
"UMBC Neighbors Division Invitational","Invitational",2025,"Electric Vehicle",8,FALSE,FALSE
"UMBC Neighbors Division Invitational","Invitational",2025,"Entomology",7,FALSE,FALSE
"UMBC Neighbors Division Invitational","Invitational",2025,"Experimental Design",4,FALSE,FALSE
"UMBC Neighbors Division Invitational","Invitational",2025,"Forensics",6,FALSE,FALSE
"UMBC Neighbors Division Invitational","Invitational",2025,"Fossils",10,FALSE,FALSE
"UMBC Neighbors Division Invitational","Invitational",2025,"Geologic Mapping",7,FALSE,FALSE
"UMBC Neighbors Division Invitational","Invitational",2025,"Helicopter",6,FALSE,FALSE
"UMBC Neighbors Division Invitational","Invitational",2025,"Materials Science",3,TRUE,FALSE
"UMBC Neighbors Division Invitational","Invitational",2025,"Microbe Mission",10,FALSE,FALSE
"UMBC Neighbors Division Invitational","Invitational",2025,"Optics",8,FALSE,FALSE
"UMBC Neighbors Division Invitational","Invitational",2025,"Robot Tour",7,FALSE,FALSE
"UMBC Neighbors Division Invitational","Invitational",2025,"Tower",11,FALSE,FALSE
"UMBC Neighbors Division Invitational","Invitational",2025,"Wind Power",9,FALSE,FALSE
"UMBC Neighbors Division Invitational","Invitational",2025,"Write It Do It",5,FALSE,FALSE
"UMBC Neighbors Division Invitational","Invitational",2025,"Air Trajectory",5,FALSE,FALSE
"UMBC Neighbors Division Invitational","Invitational",2025,"Anatomy and Physiology",10,FALSE,FALSE
"UMBC Neighbors Division Invitational","Invitational",2025,"Astronomy",10,FALSE,FALSE
"UMBC Neighbors Division Invitational","Invitational",2025,"Bungee Drop",12,FALSE,FALSE
"UMBC Neighbors Division Invitational","Invitational",2025,"Chemistry Lab",6,FALSE,FALSE
"UMBC Neighbors Division Invitational","Invitational",2025,"Codebusters",8,FALSE,FALSE
"UMBC Neighbors Division Invitational","Invitational",2025,"Disease Detectives",6,FALSE,FALSE
"UMBC Neighbors Division Invitational","Invitational",2025,"Dynamic Planet",11,FALSE,FALSE
"UMBC Neighbors Division Invitational","Invitational",2025,"Ecology",11,FALSE,FALSE
"UMBC Neighbors Division Invitational","Invitational",2025,"Electric Vehicle",3,TRUE,FALSE
"UMBC Neighbors Division Invitational","Invitational",2025,"Entomology",9,FALSE,FALSE
"UMBC Neighbors Division Invitational","Invitational",2025,"Experimental Design",9,FALSE,FALSE
"UMBC Neighbors Division Invitational","Invitational",2025,"Forensics",8,FALSE,FALSE
"UMBC Neighbors Division Invitational","Invitational",2025,"Fossils",8,FALSE,FALSE
"UMBC Neighbors Division Invitational","Invitational",2025,"Geologic Mapping",8,FALSE,FALSE
"UMBC Neighbors Division Invitational","Invitational",2025,"Helicopter",2,TRUE,FALSE
"UMBC Neighbors Division Invitational","Invitational",2025,"Materials Science",12,FALSE,FALSE
"UMBC Neighbors Division Invitational","Invitational",2025,"Microbe Mission",5,FALSE,FALSE
"UMBC Neighbors Division Invitational","Invitational",2025,"Optics",5,FALSE,FALSE
"UMBC Neighbors Division Invitational","Invitational",2025,"Robot Tour",5,FALSE,FALSE
"UMBC Neighbors Division Invitational","Invitational",2025,"Tower",6,FALSE,FALSE
"UMBC Neighbors Division Invitational","Invitational",2025,"Wind Power",10,FALSE,FALSE
"UMBC Neighbors Division Invitational","Invitational",2025,"Write It Do It",9,FALSE,FALSE
"Dick Smith Memorial Invitational","Invitational",2025,"Air Trajectory",13,FALSE,FALSE
"Dick Smith Memorial Invitational","Invitational",2025,"Anatomy and Physiology",40,FALSE,FALSE
"Dick Smith Memorial Invitational","Invitational",2025,"Astronomy",63,FALSE,FALSE
"Dick Smith Memorial Invitational","Invitational",2025,"Chemistry Lab",21,FALSE,FALSE
"Dick Smith Memorial Invitational","Invitational",2025,"Codebusters",56,FALSE,FALSE
"Dick Smith Memorial Invitational","Invitational",2025,"Disease Detectives",41,FALSE,FALSE
"Dick Smith Memorial Invitational","Invitational",2025,"Dynamic Planet",31,FALSE,FALSE
"Dick Smith Memorial Invitational","Invitational",2025,"Ecology",17,FALSE,FALSE
"Dick Smith Memorial Invitational","Invitational",2025,"Entomology",66,FALSE,FALSE
"Dick Smith Memorial Invitational","Invitational",2025,"Experimental Design",55,FALSE,FALSE
"Dick Smith Memorial Invitational","Invitational",2025,"Forensics",59,FALSE,FALSE
"Dick Smith Memorial Invitational","Invitational",2025,"Fossils",38,FALSE,FALSE
"Dick Smith Memorial Invitational","Invitational",2025,"Geologic Mapping",46,FALSE,FALSE
"Dick Smith Memorial Invitational","Invitational",2025,"Helicopter",17,FALSE,FALSE
"Dick Smith Memorial Invitational","Invitational",2025,"Materials Science",14,FALSE,FALSE
"Dick Smith Memorial Invitational","Invitational",2025,"Microbe Mission",62,FALSE,FALSE
"Dick Smith Memorial Invitational","Invitational",2025,"Optics",64,FALSE,FALSE
"Dick Smith Memorial Invitational","Invitational",2025,"Tower",11,FALSE,FALSE
"Dick Smith Memorial Invitational","Invitational",2025,"Wind Power",48,FALSE,FALSE
"Dick Smith Memorial Invitational","Invitational",2025,"Write It Do It",45,FALSE,FALSE
"Dick Smith Memorial Invitational","Invitational",2025,"Anatomy and Physiology",23,FALSE,FALSE
"Dick Smith Memorial Invitational","Invitational",2025,"Astronomy",43,FALSE,FALSE
"Dick Smith Memorial Invitational","Invitational",2025,"Chemistry Lab",59,FALSE,FALSE
"Dick Smith Memorial Invitational","Invitational",2025,"Codebusters",71,FALSE,FALSE
"Dick Smith Memorial Invitational","Invitational",2025,"Disease Detectives",38,FALSE,FALSE
"Dick Smith Memorial Invitational","Invitational",2025,"Dynamic Planet",60,FALSE,FALSE
"Dick Smith Memorial Invitational","Invitational",2025,"Ecology",75,FALSE,FALSE
"Dick Smith Memorial Invitational","Invitational",2025,"Entomology",59,FALSE,FALSE
"Dick Smith Memorial Invitational","Invitational",2025,"Experimental Design",39,FALSE,FALSE
"Dick Smith Memorial Invitational","Invitational",2025,"Forensics",40,FALSE,FALSE
"Dick Smith Memorial Invitational","Invitational",2025,"Fossils",43,FALSE,FALSE
"Dick Smith Memorial Invitational","Invitational",2025,"Geologic Mapping",58,FALSE,FALSE
"Dick Smith Memorial Invitational","Invitational",2025,"Materials Science",45,FALSE,FALSE
"Dick Smith Memorial Invitational","Invitational",2025,"Microbe Mission",40,FALSE,FALSE
"Dick Smith Memorial Invitational","Invitational",2025,"Optics",52,FALSE,FALSE
"Dick Smith Memorial Invitational","Invitational",2025,"Robot Tour",20,FALSE,FALSE
"Dick Smith Memorial Invitational","Invitational",2025,"Wind Power",38,FALSE,FALSE
"Dick Smith Memorial Invitational","Invitational",2025,"Write It Do It",21,FALSE,FALSE
"BAVF Invitational","Invitational",2025,"Air Trajectory",22,FALSE,FALSE
"BAVF Invitational","Invitational",2025,"Anatomy and Physiology",38,FALSE,FALSE
"BAVF Invitational","Invitational",2025,"Astronomy",38,FALSE,FALSE
"BAVF Invitational","Invitational",2025,"Bungee Drop",24,FALSE,FALSE
"BAVF Invitational","Invitational",2025,"Chemistry Lab",14,FALSE,FALSE
"BAVF Invitational","Invitational",2025,"Codebusters",45,FALSE,FALSE
"BAVF Invitational","Invitational",2025,"Disease Detectives",31,FALSE,FALSE
"BAVF Invitational","Invitational",2025,"Dynamic Planet",40,FALSE,FALSE
"BAVF Invitational","Invitational",2025,"Ecology",40,FALSE,FALSE
"BAVF Invitational","Invitational",2025,"Electric Vehicle",30,FALSE,FALSE
"BAVF Invitational","Invitational",2025,"Entomology",33,FALSE,FALSE
"BAVF Invitational","Invitational",2025,"Experimental Design",40,FALSE,FALSE
"BAVF Invitational","Invitational",2025,"Forensics",43,FALSE,FALSE
"BAVF Invitational","Invitational",2025,"Fossils",41,FALSE,FALSE
"BAVF Invitational","Invitational",2025,"Geologic Mapping",41,FALSE,FALSE
"BAVF Invitational","Invitational",2025,"Helicopter",17,FALSE,FALSE
"BAVF Invitational","Invitational",2025,"Materials Science",13,FALSE,FALSE
"BAVF Invitational","Invitational",2025,"Microbe Mission",43,FALSE,FALSE
"BAVF Invitational","Invitational",2025,"Optics",41,FALSE,FALSE
"BAVF Invitational","Invitational",2025,"Robot Tour",31,FALSE,FALSE
"BAVF Invitational","Invitational",2025,"Tower",18,FALSE,FALSE
"BAVF Invitational","Invitational",2025,"Wind Power",36,FALSE,FALSE
"BAVF Invitational","Invitational",2025,"Write It Do It",7,TRUE,FALSE
"BAVF Invitational","Invitational",2025,"Air Trajectory",21,FALSE,FALSE
"BAVF Invitational","Invitational",2025,"Anatomy and Physiology",29,FALSE,FALSE
"BAVF Invitational","Invitational",2025,"Astronomy",42,FALSE,FALSE
"BAVF Invitational","Invitational",2025,"Bungee Drop",31,FALSE,FALSE
"BAVF Invitational","Invitational",2025,"Chemistry Lab",26,FALSE,FALSE
"BAVF Invitational","Invitational",2025,"Codebusters",44,FALSE,FALSE
"BAVF Invitational","Invitational",2025,"Disease Detectives",45,FALSE,FALSE
"BAVF Invitational","Invitational",2025,"Dynamic Planet",45,FALSE,FALSE
"BAVF Invitational","Invitational",2025,"Ecology",44,FALSE,FALSE
"BAVF Invitational","Invitational",2025,"Electric Vehicle",30,FALSE,FALSE
"BAVF Invitational","Invitational",2025,"Entomology",31,FALSE,FALSE
"BAVF Invitational","Invitational",2025,"Experimental Design",35,FALSE,FALSE
"BAVF Invitational","Invitational",2025,"Forensics",25,FALSE,FALSE
"BAVF Invitational","Invitational",2025,"Fossils",43,FALSE,FALSE
"BAVF Invitational","Invitational",2025,"Geologic Mapping",39,FALSE,FALSE
"BAVF Invitational","Invitational",2025,"Helicopter",38,FALSE,FALSE
"BAVF Invitational","Invitational",2025,"Materials Science",35,FALSE,FALSE
"BAVF Invitational","Invitational",2025,"Microbe Mission",32,FALSE,FALSE
"BAVF Invitational","Invitational",2025,"Optics",39,FALSE,FALSE
"BAVF Invitational","Invitational",2025,"Robot Tour",48,FALSE,FALSE
"BAVF Invitational","Invitational",2025,"Tower",22,FALSE,FALSE
"BAVF Invitational","Invitational",2025,"Wind Power",43,FALSE,FALSE
"BAVF Invitational","Invitational",2025,"Write It Do It",44,FALSE,FALSE
"PA States","States",2026,"Anatomy and Physiology",20,FALSE,FALSE
"PA States","States",2026,"Astronomy",28,FALSE,FALSE
"PA States","States",2026,"Boomilever",13,FALSE,FALSE
"PA States","States",2026,"Bungee Drop",4,TRUE,FALSE
"PA States","States",2026,"Chemistry Lab",1,TRUE,FALSE
"PA States","States",2026,"Circuit Lab",22,FALSE,FALSE
"PA States","States",2026,"Codebusters",31,FALSE,FALSE
"PA States","States",2026,"Designer Genes",20,FALSE,FALSE
"PA States","States",2026,"Disease Detectives",16,FALSE,FALSE
"PA States","States",2026,"Dynamic Planet",19,FALSE,FALSE
"PA States","States",2026,"Electric Vehicle",14,FALSE,FALSE
"PA States","States",2026,"Engineering CAD",17,FALSE,FALSE
"PA States","States",2026,"Entomology",28,FALSE,FALSE
"PA States","States",2026,"Experimental Design",1,TRUE,FALSE
"PA States","States",2026,"Forensics",12,FALSE,FALSE
"PA States","States",2026,"Helicopter",27,FALSE,FALSE
"PA States","States",2026,"Hovercraft",33,FALSE,FALSE
"PA States","States",2026,"Machines",32,FALSE,FALSE
"PA States","States",2026,"Materials Science",17,FALSE,FALSE
"PA States","States",2026,"Remote Sensing",32,FALSE,FALSE
"PA States","States",2026,"Robot Tour",26,FALSE,FALSE
"PA States","States",2026,"Rocks and Minerals",6,TRUE,FALSE
"PA States","States",2026,"Water Quality",3,TRUE,FALSE
"Central PA Regional","Regionals",2026,"Anatomy and Physiology",7,FALSE,FALSE
"Central PA Regional","Regionals",2026,"Astronomy",9,FALSE,FALSE
"Central PA Regional","Regionals",2026,"Boomilever",2,TRUE,FALSE
"Central PA Regional","Regionals",2026,"Bungee Drop",3,TRUE,FALSE
"Central PA Regional","Regionals",2026,"Chemistry Lab",2,TRUE,FALSE
"Central PA Regional","Regionals",2026,"Circuit Lab",4,TRUE,FALSE
"Central PA Regional","Regionals",2026,"Codebusters",13,FALSE,FALSE
"Central PA Regional","Regionals",2026,"Designer Genes",5,TRUE,FALSE
"Central PA Regional","Regionals",2026,"Disease Detectives",5,TRUE,FALSE
"Central PA Regional","Regionals",2026,"Dynamic Planet",3,TRUE,FALSE
"Central PA Regional","Regionals",2026,"Electric Vehicle",12,FALSE,FALSE
"Central PA Regional","Regionals",2026,"Engineering CAD",3,TRUE,FALSE
"Central PA Regional","Regionals",2026,"Entomology",4,TRUE,FALSE
"Central PA Regional","Regionals",2026,"Experimental Design",2,TRUE,FALSE
"Central PA Regional","Regionals",2026,"Forensics",3,TRUE,FALSE
"Central PA Regional","Regionals",2026,"Helicopter",3,TRUE,FALSE
"Central PA Regional","Regionals",2026,"Hovercraft",11,FALSE,FALSE
"Central PA Regional","Regionals",2026,"Machines",7,FALSE,FALSE
"Central PA Regional","Regionals",2026,"Materials Science",4,TRUE,FALSE
"Central PA Regional","Regionals",2026,"Remote Sensing",8,FALSE,FALSE
"Central PA Regional","Regionals",2026,"Robot Tour",4,TRUE,FALSE
"Central PA Regional","Regionals",2026,"Rocks and Minerals",2,TRUE,FALSE
"Central PA Regional","Regionals",2026,"Water Quality",3,TRUE,FALSE
"UMD Invitational","Invitational",2026,"Anatomy and Physiology",16,FALSE,FALSE
"UMD Invitational","Invitational",2026,"Astronomy",29,FALSE,FALSE
"UMD Invitational","Invitational",2026,"Bungee Drop",5,FALSE,FALSE
"UMD Invitational","Invitational",2026,"Chemistry Lab",2,TRUE,FALSE
"UMD Invitational","Invitational",2026,"Circuit Lab",19,FALSE,FALSE
"UMD Invitational","Invitational",2026,"Codebusters",21,FALSE,FALSE
"UMD Invitational","Invitational",2026,"Designer Genes",27,FALSE,FALSE
"UMD Invitational","Invitational",2026,"Disease Detectives",4,FALSE,FALSE
"UMD Invitational","Invitational",2026,"Dynamic Planet",14,FALSE,FALSE
"UMD Invitational","Invitational",2026,"Electric Vehicle",16,FALSE,FALSE
"UMD Invitational","Invitational",2026,"Engineering CAD",17,FALSE,FALSE
"UMD Invitational","Invitational",2026,"Entomology",6,FALSE,FALSE
"UMD Invitational","Invitational",2026,"Experimental Design",4,FALSE,FALSE
"UMD Invitational","Invitational",2026,"Forensics",7,FALSE,FALSE
"UMD Invitational","Invitational",2026,"Helicopter",12,FALSE,FALSE
"UMD Invitational","Invitational",2026,"Hovercraft",9,FALSE,FALSE
"UMD Invitational","Invitational",2026,"Machines",18,FALSE,FALSE
"UMD Invitational","Invitational",2026,"Materials Science",10,FALSE,FALSE
"UMD Invitational","Invitational",2026,"Remote Sensing",26,FALSE,FALSE
"UMD Invitational","Invitational",2026,"Robot Tour",6,FALSE,FALSE
"UMD Invitational","Invitational",2026,"Rocks and Minerals",15,FALSE,FALSE
"UMD Invitational","Invitational",2026,"Water Quality",3,TRUE,FALSE
"UMD Invitational","Invitational",2026,"Circuit Lab",19,FALSE,FALSE
"UMD Invitational","Invitational",2026,"Designer Genes",33,FALSE,FALSE
"UMD Invitational","Invitational",2026,"Disease Detectives",28,FALSE,FALSE
"UMD Invitational","Invitational",2026,"Entomology",15,FALSE,FALSE
"UMD Invitational","Invitational",2026,"Experimental Design",32,FALSE,FALSE
"UMD Invitational","Invitational",2026,"Helicopter",19,FALSE,FALSE
"UMD Invitational","Invitational",2026,"Materials Science",29,FALSE,FALSE
"UMD Invitational","Invitational",2026,"Rocks and Minerals",2,TRUE,FALSE
"UMD Invitational","Invitational",2026,"Water Quality",27,FALSE,FALSE
"UMBC Neighbors Division Invitational","Invitational",2026,"Disease Detectives",1,TRUE,FALSE
"UMBC Neighbors Division Invitational","Invitational",2026,"Boomilever",2,TRUE,FALSE
"UMBC Neighbors Division Invitational","Invitational",2026,"Forensics",1,TRUE,FALSE
"UMBC Neighbors Division Invitational","Invitational",2026,"Dynamic Planet",6,FALSE,FALSE
"UMBC Neighbors Division Invitational","Invitational",2026,"Circuit Lab",10,FALSE,FALSE
"UMBC Neighbors Division Invitational","Invitational",2026,"Engineering CAD",4,FALSE,FALSE
"UMBC Neighbors Division Invitational","Invitational",2026,"Robot Tour",2,TRUE,FALSE
"UMBC Neighbors Division Invitational","Invitational",2026,"Experimental Design",1,TRUE,FALSE
"UMBC Neighbors Division Invitational","Invitational",2026,"Remote Sensing",7,FALSE,FALSE
"UMBC Neighbors Division Invitational","Invitational",2026,"Water Quality",1,TRUE,FALSE
"UMBC Neighbors Division Invitational","Invitational",2026,"Designer Genes",10,FALSE,FALSE
"UMBC Neighbors Division Invitational","Invitational",2026,"Rocks and Minerals",7,FALSE,FALSE
"UMBC Neighbors Division Invitational","Invitational",2026,"Astronomy",8,FALSE,FALSE
"UMBC Neighbors Division Invitational","Invitational",2026,"Codebusters",6,FALSE,FALSE
"UMBC Neighbors Division Invitational","Invitational",2026,"Machines",6,FALSE,FALSE
"UMBC Neighbors Division Invitational","Invitational",2026,"Chemistry Lab",1,TRUE,FALSE
"UMBC Neighbors Division Invitational","Invitational",2026,"Anatomy and Physiology",3,TRUE,FALSE
"UMBC Neighbors Division Invitational","Invitational",2026,"Helicopter",1,TRUE,FALSE
"UMBC Neighbors Division Invitational","Invitational",2026,"Bungee Drop",7,FALSE,FALSE
"UMBC Neighbors Division Invitational","Invitational",2026,"Entomology",1,TRUE,FALSE
"UMBC Neighbors Division Invitational","Invitational",2026,"Materials Science",2,TRUE,FALSE
"UMBC Neighbors Division Invitational","Invitational",2026,"Disease Detectives",6,FALSE,FALSE
"UMBC Neighbors Division Invitational","Invitational",2026,"Boomilever",11,FALSE,FALSE
"UMBC Neighbors Division Invitational","Invitational",2026,"Forensics",8,FALSE,FALSE
"UMBC Neighbors Division Invitational","Invitational",2026,"Dynamic Planet",9,FALSE,FALSE
"UMBC Neighbors Division Invitational","Invitational",2026,"Circuit Lab",7,FALSE,FALSE
"UMBC Neighbors Division Invitational","Invitational",2026,"Engineering CAD",3,TRUE,FALSE
"UMBC Neighbors Division Invitational","Invitational",2026,"Experimental Design",13,FALSE,FALSE
"UMBC Neighbors Division Invitational","Invitational",2026,"Remote Sensing",10,FALSE,FALSE
"UMBC Neighbors Division Invitational","Invitational",2026,"Water Quality",6,FALSE,FALSE
"UMBC Neighbors Division Invitational","Invitational",2026,"Designer Genes",8,FALSE,FALSE
"UMBC Neighbors Division Invitational","Invitational",2026,"Rocks and Minerals",1,TRUE,FALSE
"UMBC Neighbors Division Invitational","Invitational",2026,"Astronomy",12,FALSE,FALSE
"UMBC Neighbors Division Invitational","Invitational",2026,"Codebusters",8,FALSE,FALSE
"UMBC Neighbors Division Invitational","Invitational",2026,"Machines",10,FALSE,FALSE
"UMBC Neighbors Division Invitational","Invitational",2026,"Chemistry Lab",6,FALSE,FALSE
"UMBC Neighbors Division Invitational","Invitational",2026,"Anatomy and Physiology",6,FALSE,FALSE
"UMBC Neighbors Division Invitational","Invitational",2026,"Helicopter",4,FALSE,FALSE
"UMBC Neighbors Division Invitational","Invitational",2026,"Bungee Drop",1,TRUE,FALSE
"UMBC Neighbors Division Invitational","Invitational",2026,"Entomology",6,FALSE,FALSE
"UMBC Neighbors Division Invitational","Invitational",2026,"Materials Science",11,FALSE,FALSE
"Berks County Invitational","Invitational",2026,"Anatomy and Physiology",9,FALSE,FALSE
"Berks County Invitational","Invitational",2026,"Boomilever",14,FALSE,FALSE
"Berks County Invitational","Invitational",2026,"Bungee Drop",4,TRUE,FALSE
"Berks County Invitational","Invitational",2026,"Chemistry Lab",11,FALSE,FALSE
"Berks County Invitational","Invitational",2026,"Circuit Lab",10,FALSE,FALSE
"Berks County Invitational","Invitational",2026,"Codebusters",3,TRUE,FALSE
"Berks County Invitational","Invitational",2026,"Designer Genes",9,FALSE,FALSE
"Berks County Invitational","Invitational",2026,"Disease Detectives",1,TRUE,FALSE
"Berks County Invitational","Invitational",2026,"Dynamic Planet",2,TRUE,FALSE
"Berks County Invitational","Invitational",2026,"Entomology",3,TRUE,FALSE
"Berks County Invitational","Invitational",2026,"Experimental Design",7,FALSE,FALSE
"Berks County Invitational","Invitational",2026,"Forensics",5,TRUE,FALSE
"Berks County Invitational","Invitational",2026,"Helicopter",3,TRUE,FALSE
"Berks County Invitational","Invitational",2026,"Machines",4,TRUE,FALSE
"Berks County Invitational","Invitational",2026,"Materials Science",5,TRUE,FALSE
"Berks County Invitational","Invitational",2026,"Remote Sensing",14,FALSE,FALSE
"Berks County Invitational","Invitational",2026,"Rocks and Minerals",8,FALSE,FALSE
"Berks County Invitational","Invitational",2026,"Water Quality",1,TRUE,FALSE
"Berks County Invitational","Invitational",2026,"Anatomy and Physiology",4,TRUE,FALSE
"Berks County Invitational","Invitational",2026,"Astronomy",7,FALSE,FALSE
"Berks County Invitational","Invitational",2026,"Boomilever",4,TRUE,FALSE
"Berks County Invitational","Invitational",2026,"Bungee Drop",3,TRUE,FALSE
"Berks County Invitational","Invitational",2026,"Chemistry Lab",1,TRUE,FALSE
"Berks County Invitational","Invitational",2026,"Circuit Lab",13,FALSE,FALSE
"Berks County Invitational","Invitational",2026,"Codebusters",13,FALSE,FALSE
"Berks County Invitational","Invitational",2026,"Designer Genes",11,FALSE,FALSE
"Berks County Invitational","Invitational",2026,"Disease Detectives",3,TRUE,FALSE
"Berks County Invitational","Invitational",2026,"Dynamic Planet",15,FALSE,FALSE
"Berks County Invitational","Invitational",2026,"Engineering CAD",4,TRUE,FALSE
"Berks County Invitational","Invitational",2026,"Entomology",14,FALSE,FALSE
"Berks County Invitational","Invitational",2026,"Experimental Design",1,TRUE,FALSE
"Berks County Invitational","Invitational",2026,"Forensics",1,TRUE,FALSE
"Berks County Invitational","Invitational",2026,"Helicopter",8,FALSE,FALSE
"Berks County Invitational","Invitational",2026,"Machines",11,FALSE,FALSE
"Berks County Invitational","Invitational",2026,"Materials Science",9,FALSE,FALSE
"Berks County Invitational","Invitational",2026,"Remote Sensing",15,FALSE,FALSE
"Berks County Invitational","Invitational",2026,"Rocks and Minerals",1,TRUE,FALSE
"Berks County Invitational","Invitational",2026,"Water Quality",13,FALSE,FALSE
"Dick Smith Memorial Invitational","Invitational",2026,"Anatomy and Physiology",70,FALSE,FALSE
"Dick Smith Memorial Invitational","Invitational",2026,"Astronomy",37,FALSE,FALSE
"Dick Smith Memorial Invitational","Invitational",2026,"Boomilever",19,FALSE,FALSE
"Dick Smith Memorial Invitational","Invitational",2026,"Chemistry Lab",3,TRUE,FALSE
"Dick Smith Memorial Invitational","Invitational",2026,"Circuit Lab",56,FALSE,FALSE
"Dick Smith Memorial Invitational","Invitational",2026,"Codebusters",59,FALSE,FALSE
"Dick Smith Memorial Invitational","Invitational",2026,"Designer Genes",51,FALSE,FALSE
"Dick Smith Memorial Invitational","Invitational",2026,"Disease Detectives",16,FALSE,FALSE
"Dick Smith Memorial Invitational","Invitational",2026,"Dynamic Planet",39,FALSE,FALSE
"Dick Smith Memorial Invitational","Invitational",2026,"Entomology",49,FALSE,FALSE
"Dick Smith Memorial Invitational","Invitational",2026,"Experimental Design",2,TRUE,FALSE
"Dick Smith Memorial Invitational","Invitational",2026,"Forensics",1,TRUE,FALSE
"Dick Smith Memorial Invitational","Invitational",2026,"Helicopter",11,FALSE,FALSE
"Dick Smith Memorial Invitational","Invitational",2026,"Materials Science",12,FALSE,FALSE
"Dick Smith Memorial Invitational","Invitational",2026,"Remote Sensing",51,FALSE,FALSE
"Dick Smith Memorial Invitational","Invitational",2026,"Rocks and Minerals",36,FALSE,FALSE
"Dick Smith Memorial Invitational","Invitational",2026,"Water Quality",66,FALSE,FALSE
"Dick Smith Memorial Invitational","Invitational",2026,"Anatomy and Physiology",33,FALSE,FALSE
"Dick Smith Memorial Invitational","Invitational",2026,"Astronomy",65,FALSE,FALSE
"Dick Smith Memorial Invitational","Invitational",2026,"Boomilever",21,FALSE,FALSE
"Dick Smith Memorial Invitational","Invitational",2026,"Chemistry Lab",67,FALSE,FALSE
"Dick Smith Memorial Invitational","Invitational",2026,"Circuit Lab",54,FALSE,FALSE
"Dick Smith Memorial Invitational","Invitational",2026,"Codebusters",49,FALSE,FALSE
"Dick Smith Memorial Invitational","Invitational",2026,"Designer Genes",37,FALSE,FALSE
"Dick Smith Memorial Invitational","Invitational",2026,"Disease Detectives",3,TRUE,FALSE
"Dick Smith Memorial Invitational","Invitational",2026,"Dynamic Planet",24,FALSE,FALSE
"Dick Smith Memorial Invitational","Invitational",2026,"Experimental Design",44,FALSE,FALSE
"Dick Smith Memorial Invitational","Invitational",2026,"Materials Science",40,FALSE,FALSE
"Dick Smith Memorial Invitational","Invitational",2026,"Remote Sensing",60,FALSE,FALSE
"Dick Smith Memorial Invitational","Invitational",2026,"Rocks and Minerals",32,FALSE,FALSE
"Dick Smith Memorial Invitational","Invitational",2026,"Water Quality",46,FALSE,FALSE
"BAVF Invitational","Invitational",2026,"Anatomy and Physiology",34,FALSE,FALSE
"BAVF Invitational","Invitational",2026,"Astronomy",33,FALSE,FALSE
"BAVF Invitational","Invitational",2026,"Boomilever",31,FALSE,FALSE
"BAVF Invitational","Invitational",2026,"Bungee Drop",12,FALSE,FALSE
"BAVF Invitational","Invitational",2026,"Chemistry Lab",6,TRUE,FALSE
"BAVF Invitational","Invitational",2026,"Circuit Lab",44,FALSE,FALSE
"BAVF Invitational","Invitational",2026,"Codebusters",48,FALSE,FALSE
"BAVF Invitational","Invitational",2026,"Designer Genes",20,FALSE,FALSE
"BAVF Invitational","Invitational",2026,"Disease Detectives",14,FALSE,FALSE
"BAVF Invitational","Invitational",2026,"Dynamic Planet",43,FALSE,FALSE
"BAVF Invitational","Invitational",2026,"Electric Vehicle",21,FALSE,FALSE
"BAVF Invitational","Invitational",2026,"Engineering CAD",37,FALSE,FALSE
"BAVF Invitational","Invitational",2026,"Entomology",28,FALSE,FALSE
"BAVF Invitational","Invitational",2026,"Experimental Design",23,FALSE,FALSE
"BAVF Invitational","Invitational",2026,"Forensics",30,FALSE,FALSE
"BAVF Invitational","Invitational",2026,"Helicopter",36,FALSE,FALSE
"BAVF Invitational","Invitational",2026,"Hovercraft",32,FALSE,FALSE
"BAVF Invitational","Invitational",2026,"Machines",28,FALSE,FALSE
"BAVF Invitational","Invitational",2026,"Materials Science",44,FALSE,FALSE
"BAVF Invitational","Invitational",2026,"Remote Sensing",41,FALSE,FALSE
"BAVF Invitational","Invitational",2026,"Robot Tour",23,FALSE,FALSE
"BAVF Invitational","Invitational",2026,"Rocks and Minerals",26,FALSE,FALSE
"BAVF Invitational","Invitational",2026,"Water Quality",15,FALSE,FALSE
"Georgia Scrimmage","Invitational",2026,"Anatomy and Physiology",116,FALSE,FALSE
"Georgia Scrimmage","Invitational",2026,"Astronomy",180,FALSE,FALSE
"Georgia Scrimmage","Invitational",2026,"Chemistry Lab",140,FALSE,FALSE
"Georgia Scrimmage","Invitational",2026,"Circuit Lab",191,FALSE,FALSE
"Georgia Scrimmage","Invitational",2026,"Codebusters",149,FALSE,FALSE
"Georgia Scrimmage","Invitational",2026,"Designer Genes",134,FALSE,FALSE
"Georgia Scrimmage","Invitational",2026,"Disease Detectives",71,FALSE,FALSE
"Georgia Scrimmage","Invitational",2026,"Dynamic Planet",144,FALSE,FALSE
"Georgia Scrimmage","Invitational",2026,"Engineering CAD",62,FALSE,FALSE
"Georgia Scrimmage","Invitational",2026,"Entomology",112,FALSE,FALSE
"Georgia Scrimmage","Invitational",2026,"Forensics",77,FALSE,FALSE
"Georgia Scrimmage","Invitational",2026,"Machines",152,FALSE,FALSE
"Georgia Scrimmage","Invitational",2026,"Materials Science",111,FALSE,FALSE
"Georgia Scrimmage","Invitational",2026,"Remote Sensing",153,FALSE,FALSE
"Georgia Scrimmage","Invitational",2026,"Rocks and Minerals",71,FALSE,FALSE
"Georgia Scrimmage","Invitational",2026,"Water Quality",188,FALSE,FALSE
"Georgia Scrimmage","Invitational",2026,"Anatomy and Physiology",189,FALSE,FALSE
"Georgia Scrimmage","Invitational",2026,"Astronomy",130,FALSE,FALSE
"Georgia Scrimmage","Invitational",2026,"Chemistry Lab",165,FALSE,FALSE
"Georgia Scrimmage","Invitational",2026,"Circuit Lab",150,FALSE,FALSE
"Georgia Scrimmage","Invitational",2026,"Codebusters",154,FALSE,FALSE
"Georgia Scrimmage","Invitational",2026,"Designer Genes",64,FALSE,FALSE
"Georgia Scrimmage","Invitational",2026,"Disease Detectives",35,FALSE,FALSE
"Georgia Scrimmage","Invitational",2026,"Dynamic Planet",85,FALSE,FALSE
"Georgia Scrimmage","Invitational",2026,"Engineering CAD",143,FALSE,FALSE
"Georgia Scrimmage","Invitational",2026,"Entomology",73,FALSE,FALSE
"Georgia Scrimmage","Invitational",2026,"Forensics",195,FALSE,FALSE
"Georgia Scrimmage","Invitational",2026,"Machines",164,FALSE,FALSE
"Georgia Scrimmage","Invitational",2026,"Materials Science",154,FALSE,FALSE
"Georgia Scrimmage","Invitational",2026,"Remote Sensing",130,FALSE,FALSE
"Georgia Scrimmage","Invitational",2026,"Rocks and Minerals",50,FALSE,FALSE
"Georgia Scrimmage","Invitational",2026,"Water Quality",119,FALSE,FALSE
